"Trcid";"Title";"Shortdescription";"Longdescription";"Calendarsummary";"TitleEN";"ShortdescriptionEN";"LongdescriptionEN";"CalendarsummaryEN";"Types";"Ids";"Locatienaam";"City";"Adres";"Zipcode";"Latitude";"Longitude";"Urls";"Media";"Thumbnail";"Datepattern_startdate";"Datepattern_enddate";"Singledates";"Type1";"Lastupdated";
"c3ce87d9-137d-4f24-88d7-4b253946ed09";"Nederlanders in Parijs";"Ontdek welke aantrekkingskracht de Franse hoofdstad had op Nederlandse kunstenaars in de 19e eeuw: George Breitner, Vincent van Gogh, Piet Mondriaan. Te zien van 13 oktober tot en met 7 januari 2018. ";"";"Vr 13 oktober 2017 t/m zo 7 januari 2018 ma-zo: geopend.";"Nederlanders in Parijs";"";"<h2></h2>";"Fr 13 October 2017 including Su 7 January 2018 Mo -Su: Open.";"";"2.3.14";"Van Gogh Museum";"AMSTERDAM";"Museumplein 6";"1071 DJ";"52,3564290";"4,8798010";"http://www.vangoghmuseum.nl/";"https://media.iamsterdam.com/ndtrc/Images/c3/c3ce87d9-137d-4f24-88d7-4b253946ed09/6bd1a145-46a6-4494-9c71-5e6ee18aa584.jpg,https://media.iamsterdam.com/ndtrc/Images/c3/c3ce87d9-137d-4f24-88d7-4b253946ed09/8684b932-6b47-4d66-aba5-88e9a39272f0.jpg";"https://media.iamsterdam.com/ndtrc/Images/c3/c3ce87d9-137d-4f24-88d7-4b253946ed09/6bd1a145-46a6-4494-9c71-5e6ee18aa584.jpg";"13-10-2017";"07-01-2018";"";"";"2017-02-13 11:24:15";
"d461b591-684a-453c-b7b9-241048fe7a25";"Van Gogh & Japan";"Van Gogh gebruikte Japanse prenten om zijn eigen werk een nieuwe richting te geven. Ontdek hoe Van Gogh het Japanse voorbeeld naar zijn eigen hand zette. Te zien van 23 maart tot en met 24 juni 2018, in het Van Gogh Museum in Amsterdam. ";"";"Vr 23 maart 2018 t/m zo 24 juni 2018 ma-zo: geopend.";"Van Gogh & Japan";"";"<h2></h2>";"Fr 23 March 2018 including Su 24 June 2018 Mo -Su: Open.";"";"2.3.14";"Van Gogh Museum";"AMSTERDAM";"Museumplein 6";"1071 DJ";"52,3564290";"4,8798010";"http://www.vangoghmuseum.nl/";"https://media.iamsterdam.com/ndtrc/Images/d4/d461b591-684a-453c-b7b9-241048fe7a25/24edc9c9-ec86-4da9-a671-deeae6380e79.jpg,https://media.iamsterdam.com/ndtrc/Images/d4/d461b591-684a-453c-b7b9-241048fe7a25/b4c32e1f-e2d2-456c-8ef9-1f37cdbee2a5.jpg";"https://media.iamsterdam.com/ndtrc/Images/d4/d461b591-684a-453c-b7b9-241048fe7a25/24edc9c9-ec86-4da9-a671-deeae6380e79.jpg";"23-03-2018";"24-06-2018";"";"";"2017-02-13 11:30:08";
"34326c80-4320-43cd-81cd-c1d1e045f3e9";"Kijk Amsterdam 1700-1800";"Tijdens deze tentoonstelling worden de mooiste tekeningen uit de 18e eeuw gepresenteerd. Een stad waar wordt gehandeld en gewandeld, koetsen en karren ratelen over de keien en schuiten die worden volgeladen. van 15 september 2017 t/m 14 januari 2018 in het Stadsarchief Amsterdam.";"";"Meerdere data: Vanaf vr 15 september 2017 t/m di 9 januari 2018.";"Kijk Amsterdam 1700-1800";"";"";"Multiple data: from Fr 15 September 2017 to Tu 9 January 2018.";"";"2.3.14";"Stadsarchief Amsterdam - De Bazel";"AMSTERDAM";"Vijzelstraat 32";"1017 HL";"52,3626140";"4,8918030";"https://www.amsterdam.nl/stadsarchief/";"https://media.iamsterdam.com/ndtrc/Images/34/34326c80-4320-43cd-81cd-c1d1e045f3e9/0db8e0e0-eff6-44bf-b337-990d7ebfa163.jpg,https://media.iamsterdam.com/ndtrc/Images/34/34326c80-4320-43cd-81cd-c1d1e045f3e9/af3eaee9-3598-4c23-ad49-1120a2790cfd.jpg";"https://media.iamsterdam.com/ndtrc/Images/34/34326c80-4320-43cd-81cd-c1d1e045f3e9/0db8e0e0-eff6-44bf-b337-990d7ebfa163.jpg";"";"";"15-09-2017,16-09-2017,17-09-2017,19-09-2017,20-09-2017,21-09-2017,22-09-2017,23-09-2017,24-09-2017,26-09-2017,27-09-2017,28-09-2017,29-09-2017,30-09-2017,01-10-2017,03-10-2017,04-10-2017,05-10-2017,06-10-2017,07-10-2017,08-10-2017,10-10-2017,11-10-2017,12-10-2017,13-10-2017,14-10-2017,15-10-2017,17-10-2017,18-10-2017,19-10-2017,20-10-2017,21-10-2017,22-10-2017,24-10-2017,25-10-2017,26-10-2017,27-10-2017,28-10-2017,29-10-2017,31-10-2017,01-11-2017,02-11-2017,03-11-2017,04-11-2017,05-11-2017,07-11-2017,08-11-2017,09-11-2017,10-11-2017,11-11-2017,12-11-2017,14-11-2017,15-11-2017,16-11-2017,17-11-2017,18-11-2017,19-11-2017,21-11-2017,22-11-2017,23-11-2017,24-11-2017,25-11-2017,26-11-2017,28-11-2017,29-11-2017,30-11-2017,01-12-2017,02-12-2017,03-12-2017,05-12-2017,06-12-2017,07-12-2017,08-12-2017,09-12-2017,10-12-2017,12-12-2017,13-12-2017,14-12-2017,15-12-2017,16-12-2017,17-12-2017,19-12-2017,20-12-2017,21-12-2017,22-12-2017,23-12-2017,24-12-2017,26-12-2017,27-12-2017,28-12-2017,29-12-2017,30-12-2017,31-12-2017,02-01-2018,03-01-2018,04-01-2018,05-01-2018,06-01-2018,07-01-2018,09-01-2018";"";"2017-06-07 15:41:19";
"8d28e34f-c1de-4878-8b93-78f2c8bd5b20";"Ans Markus &quot:Als ik jou was&quot:";"Op aangrijpende wijze onderzoekt Markus de schaduwkanten van het leven.o.a. de recente schilderijenseries ?verborgen verdriet? en ?de pijn van oud?. Een reeks jeugdportretten van o.a. Frida Kahlo, Modigliani,e.a. waarmee zij uiting geeft aan haar bewondering voor door haar gerespecteerde voorgangers.  Te zien vanaf  3 oktober 2017 tot en met 7 januari 2018 in Museum Jan van der Togt in Amstelveen.  ";"<h2>Alle creatieve uitingen op een plek te bewonderen</h2> Er een ruime selectie vroeger werk zoals de schetsen, tekeningen en kleinere schilderijen, alsook sculpturen in brons en porselein die Markus sinds enige jaren maakt. De kunst van Ans Markus vormt een persoonlijke mythologie, die een eigen denk-, ervarings- en gevoelswereld omvat. Een sterke betrokkenheid bij haar medemensen is typerend voor haar en dat is terug te zien in haar werk. De titel van de tentoonstelling &ndash: &ldquo: Als ik jou was ... &ldquo:&ndash: kun je dan ook letterlijk opvatten. Haar tekeningen, schilderijen, maar de sculpturen in brons en porselein zijn het resultaat van een grondig zelfonderzoek, waarmee zij een stem geeft aan breed levende gevoelens, in het bijzonder bij vrouwen. Meer weten over deze tentoonstelling bezoek dan <a href=&quot:http://www.jvdtogt.nl/&quot: target=&quot:_blank&quot:>de website van het musuem Jan vd Togt.</a>";"Di 3 oktober 2017 t/m zo 7 januari 2018 ma-zo: geopend.";"Ans Markus &quot:Als ik jou was&quot:";"";"<br /> <h2></h2>";"Tu 3 October 2017 including Su 7 January 2018 Mo -Su: Open.";"";"2.3.14";"Museum Jan van der Togt";"AMSTELVEEN";"Dorpsstraat";"1182 JE";"52,3021410";"4,8464160";"http://www.jvdtogt.nl";"https://media.ndtrc.nl/Images/8d/8d28e34f-c1de-4878-8b93-78f2c8bd5b20/41ce58e4-8d88-45f1-b86f-21965dc0e572.jpg,https://media.ndtrc.nl/Images/8d/8d28e34f-c1de-4878-8b93-78f2c8bd5b20/b0283a19-5ecf-4785-8c26-0484f667dabb.jpg,https://media.ndtrc.nl/Images/8d/8d28e34f-c1de-4878-8b93-78f2c8bd5b20/b0c83f4a-b648-4e78-9212-906bacd5c99a.jpg,https://media.ndtrc.nl/Images/8d/8d28e34f-c1de-4878-8b93-78f2c8bd5b20/d17e4170-4775-436a-b5f6-28ba621d792b.jpg,https://media.ndtrc.nl/Images/8d/8d28e34f-c1de-4878-8b93-78f2c8bd5b20/43f65aff-dd18-4d5b-809f-e76c1b710d68.jpg,https://media.ndtrc.nl/Images/8d/8d28e34f-c1de-4878-8b93-78f2c8bd5b20/d3ef90b9-6acd-4e09-bbc0-ee461a6c0631.jpg";"https://media.ndtrc.nl/Images/8d/8d28e34f-c1de-4878-8b93-78f2c8bd5b20/41ce58e4-8d88-45f1-b86f-21965dc0e572.jpg";"03-10-2017";"07-01-2018";"";"";"2017-07-17 10:49:43";
"503ed535-18db-4562-a504-aa72e0730d7e";"Crossroads - Reizen door de Middeleeuwen";"Van 15 september 2017 t/m 11 februari 2018 is er in het Allard Pierson Museum in Amsterdam de tentoonstelling 'Crossroads - Reizen door de Middeleeuwen' te zien. Hier wordt meer vertelt over Europa in de Middeleeuwen, ook wel 'The Dark Ages' genoemd. Ervaar zelf hoe onderlinge contacten ontstonden in deze tijd. ";"";"Vr 15 september 2017 t/m zo 11 februari 2018 di-zo: geopend.";"Crossroads - Reizen door de Middeleeuwen";"";"";"Fr 15 September 2017 including Su 11 February 2018 Tu -Su: Open.";"";"2.3.14";"Allard Pierson Museum";"AMSTERDAM";"Oude Turfmarkt 127";"1012 GC";"52,3685000";"4,8930710";"http://www.allardpiersonmuseum.nl/";"https://media.ndtrc.nl/Images/50/503ed535-18db-4562-a504-aa72e0730d7e/66433c3f-416a-4c4e-8cf0-0d3b980f175b.jpg";"https://media.ndtrc.nl/Images/50/503ed535-18db-4562-a504-aa72e0730d7e/66433c3f-416a-4c4e-8cf0-0d3b980f175b.jpg";"15-09-2017";"11-02-2018";"";"";"2017-07-20 09:54:56";
"7d8ab7fc-61db-40ec-b87f-c98fd5feff44";"Ferdinand Bol: het huis, de collectie, de kunstenaar";"in het naar van 2017 wordt de schilderijencollectie van Ferdinand Bol getoond in het koetshuis van Museum Van Loon. De zeventiende-eeuwse schilder was de eerste bewoner van het grachtenpand aan Keizersgracht 672, het huidige Museum Van Loon. ";"<h2>Hollandse meesters</h2> Drie andere musea: het Amsterdam Museum, Museum Het Rembrandthuis en het Paleis op de Dam sluiten aan bij deze tentoonstelling. Het Amsterdam Museum organiseert samen met Museum Het Rembrandthuis de eerste omvangrijke overzichtstentoonstelling ooit over de schilders Govert Flinck (1615-1660) en Ferdinand Bol (1616-1680). Ook een andere locatie in stad, het Paleis op de Dam, sluit aan bij de tentoonstelling door in dezelfde periode aandacht aan de twee kunstenaars te schenken.";"Vr 6 oktober 2017 t/m ma 8 januari 2018 ma-zo: geopend.";"Ferdinand Bol: het huis, de collectie, de kunstenaar";"";"<h2>Find more <a href=&quot:http://www.iamsterdam.com/en/visiting/whats-on/search-agenda#-f667KytS50+bOuL49X2fQA-------2&quot: style=&quot:font-size: 12.8px:&quot:>exhibitions in Amsterdam</a><span style=&quot:font-size: 12.8px:&quot:>.</span></h2>";"Fr 6 October 2017 including Mo 8 January 2018 Mo -Su: Open.";"";"2.3.14";"Museum Van Loon";"AMSTERDAM";"Keizersgracht 672";"1017 ET";"52,3634770";"4,8933720";"http://www.museumvanloon.nl";"https://media.ndtrc.nl/Images/7d/7d8ab7fc-61db-40ec-b87f-c98fd5feff44/b0000ada-84e4-45f7-a8f7-065bd4626721.jpg";"https://media.ndtrc.nl/Images/7d/7d8ab7fc-61db-40ec-b87f-c98fd5feff44/b0000ada-84e4-45f7-a8f7-065bd4626721.jpg";"06-10-2017";"08-01-2018";"";"";"2017-07-24 12:34:28";
"7b8b211d-6bb6-47ee-910c-fa0d6eae68f8";"Maelwael. Schilder aan het Bourgondische hof rond 1400";"Een ode aan een van de grondleggers van de Nederlandse schilderkunst: Johan Maelwael (ook bekend als Jean Malouel). Te zien van 6 oktober tot en met 7 januari 2018, in de Philipsvleugel, Rijksmuseum in Amsterdam. ";"<h2>Veelzijdig, vernieuwend en productief</h2> <br /> De Nijmegenaar Johan Maelwael (Gelre ca. 1370 - Dijon 1415) was voornamelijk werkzaam in Frankrijk. Aan het Franse hof, was hij een gevierd kunstenaar, de best betaalde van zijn tijd. Rond 1400 introduceerde Maelwael zijn drie getalenteerde neven, de legendarische gebroeders Herman, Johan en Paul van Limburg, als miniatuurschilders in Frankrijk.<br /> <br /> Voor het eerst worden de aan Maelwael toegeschreven schilderijen in samenhang getoond met een rijkdom aan Middeleeuwse kunstschatten, schilderijen, handschriften, edelsmeedwerk en beelden, uit onder meer het Mus&eacute:e du Louvre in Parijs, The Metropolitan Museum of Art in New York en de Gem&auml:ldegalerie in Berlijn.";"Vr 6 oktober 2017 t/m zo 7 januari 2018 ma-zo: geopend.";"Johan Maelwael";"One of the founders of Dutch painting, Johan Maelwael painted flags, armour, fabric patterns, large religious paintings and refined miniatures in illuminated manuscripts. The Rijksmuseum hosts this exhibition from 6 October 2017 to 7 January 2018.";"<h2>A comprehensive medieval exhibition in Amsterdam</h2> <p><strong>Johan Maelwael </strong>was active in the courts of Philip the Bold, Duke of Burgundy, and his successor John the Fearless during the late-14th century. He was also responsible for introducing his nephews, legendary miniature painters the Limbourg brothers to Duke Philip, who ransomed them out of captivity for Maelwael&rsquo:s sake. At the <strong>Rijksmuseum</strong> in Amsterdam, Maelwael&rsquo:s paintings will be exhibited alongside medieval artwork, metalwork, sculptures and manuscripts, courtesy of the Mus&eacute:e du Louvre in Paris, the MET in New York and the Gem&auml:ldegalerie in Berlin, among others. </p> <p>For more Exhibitions in Amsterdam, <a href=&quot:http://www.iamsterdam.com/en/see-and-do/whats-on/search-agenda#-f667KytS50+bOuL49X2fQA-------2&quot:>search the I amsterdam agenda</a>. </p>";"Fr 6 October 2017 including Su 7 January 2018 Mo -Su: Open.";"";"2.3.14";"Rijksmuseum";"AMSTERDAM";"Museumstraat 1";"1071 XX";"52,3600070";"4,8851850";"http://www.rijksmuseum.nl";"https://media.ndtrc.nl/Images/7b/7b8b211d-6bb6-47ee-910c-fa0d6eae68f8/93d5aeec-1b58-4738-85ff-19996fcb21b8.jpg";"https://media.ndtrc.nl/Images/7b/7b8b211d-6bb6-47ee-910c-fa0d6eae68f8/93d5aeec-1b58-4738-85ff-19996fcb21b8.jpg";"06-10-2017";"07-01-2018";"";"";"2017-07-24 14:45:22";
"40841798-e66c-4ef6-8d6b-d225025e70a0";"Hedendaagse reflecties op Russische revolutie";"Aandacht aan de Russische revolutie, die honderd jaar geleden plaatsvond, met onder andere reflecties van kunstenaars uit de jaren 80 en 90 op de Sovjetmaatschappij. Te zien van 14 oktober tot en met 28 januari 2018, in Stedelijk Museum in Amsterdam. Ihkv 100 jaar Russische revolutie. ";"";"Za 14 oktober 2017 t/m zo 28 januari 2018 ma-zo: geopend.";"Hedendaagse reflecties op Russische revolutie";"";"";"Sa 14 October 2017 including Su 28 January 2018 Mo -Su: Open.";"";"2.3.14";"Stedelijk Museum";"AMSTERDAM";"Museumplein 10";"1071 DJ";"52,3564290";"4,8798010";"http://www.stedelijk.nl";"https://media.ndtrc.nl/Images/40/40841798-e66c-4ef6-8d6b-d225025e70a0/c27f0f76-6729-498d-ba5d-2d71bcdd3a7a.jpg";"https://media.ndtrc.nl/Images/40/40841798-e66c-4ef6-8d6b-d225025e70a0/c27f0f76-6729-498d-ba5d-2d71bcdd3a7a.jpg";"14-10-2017";"28-01-2018";"";"";"2017-07-24 14:06:48";
"cb93ac82-248d-4f88-955b-999c222859eb";"Govert Flinck & Ferdinand Bol";"In het Rembrandthuis, de plek waar beider leermeesters Govert Flinck en Ferdinand Bol, bijna twin­tig jaar lang hebben gewoond en gewerkt, staat hun leertijd bij Rembrandt centraal. Te zien van 13 oktober tot en met 18 februari 2018.";"<h2>Hollandse meesters</h2> <br /> Het Amsterdam Museum organiseert samen met Museum Het Rembrandthuis de eerste omvangrijke overzichtstentoonstelling ooit over de schilders Govert Flinck (1615-1660) en Ferdinand Bol (1616-1680). Twee andere locaties in de stad, het Paleis op de Dam en Museum Van Loon, sluiten aan bij de tentoonstelling door in dezelfde periode aandacht aan de twee kunstenaars te schenken.";"Vr 13 oktober 2017 t/m zo 18 februari 2018 ma-zo: geopend.";"Ferdinand Bol and Govert Flinck ? Rembrandt?s Master Pupils";"A first of its kind, the Ferdinand Bol and Govert Flinck exhibition will bring together both museum and private-collection paintings from all over the world, some of which have not been in the Netherlands since the 17th century. The exhibition will be held simultaneously in four key locations across the city, the Amsterdam Museum, the Rembrandt House Museum, the Royal Palace and Museum Van Loon from 13 October 2017 to 18 February 2018.";"<h2>Four locations for a comprehensive story</h2> The <strong>Rembrandt House Museum</strong> &ndash: where Ferdinand Bol and Govert Flinck were trained by Rembrandt himself &ndash: will exhibit the pupils&rsquo: early learning works, while the <strong>Amsterdam Museum</strong> will focus on their later development as masters in their craft. The <strong>Museum Van Loon</strong> (once home to Bol) and the <strong>Royal Palace</strong> will further explore their lives and career with their own unique exhibits. The exhibitions will include exquisite portraits and dramatic scenes from the Bible and the classics, and will for the first time take these two masters out of their teacher&rsquo:s shadow.";"Fr 13 October 2017 including Su 18 February 2018 Mo -Su: Open.";"";"2.3.14";"Rembrandthuis";"AMSTERDAM";"Jodenbreestraat  4";"1011 NK";"52,3693580";"4,9011910";"http://www.rembrandthuis.nl";"https://media.ndtrc.nl/Images/cb/cb93ac82-248d-4f88-955b-999c222859eb/cccc90c1-9758-410c-99a4-fb8e0f9bebbb.jpg,https://media.ndtrc.nl/Images/cb/cb93ac82-248d-4f88-955b-999c222859eb/c8816259-6ac4-4e15-a278-2ddc3cccabca.jpg";"https://media.ndtrc.nl/Images/cb/cb93ac82-248d-4f88-955b-999c222859eb/cccc90c1-9758-410c-99a4-fb8e0f9bebbb.jpg";"13-10-2017";"18-02-2018";"";"";"2017-08-01 08:22:18";
"1bf77388-23a1-4ae1-af60-50f4a1a56d8b";"Govert Flinck & Ferdinand Bol";"Hoe ontwikkelden de schildermeesters Govert Flinck en Ferdinand Bol zich, eenmaal zelfstandig, tot de belangrijkste en succesvolste schilders van hun tijd? Ontdek dat in het Amsterdam Museum, van 13 oktober tot en met 18 februari 2018.";"<h2>Hollandse meesters</h2> <br /> Het Amsterdam Museum organiseert samen met Museum Het Rembrandthuis de eerste omvangrijke overzichtstentoonstelling ooit over de schilders Govert Flinck (1615-1660) en Ferdinand Bol (1616-1680). Twee andere locaties in de stad, het Paleis op de Dam en Museum Van Loon, sluiten aan bij de tentoonstelling door in dezelfde periode aandacht aan de twee kunstenaars te schenken.";"Vr 13 oktober 2017 t/m zo 18 februari 2018 ma-zo: geopend.";"Ferdinand Bol and Govert Flinck ? Rembrandt?s Master Pupils";"A first of its kind, the Ferdinand Bol and Govert Flinck exhibition will bring together both museum and private-collection paintings from all over the world, some of which have not been in the Netherlands since the 17th century. The exhibition will be held simultaneously in four key locations across the city, the Amsterdam Museum, the Rembrandt House Museum, the Royal Palace and Museum Van Loon from 13 October 2017 to 18 February 2018. ";"<h2>Four locations for a comprehensive story</h2> The <strong>Rembrandt House Museum</strong> &ndash: where Ferdinand Bol and Govert Flinck were trained by Rembrandt himself &ndash: will exhibit the pupils&rsquo: early learning works, while the <strong>Amsterdam Museum</strong> will focus on their later development as masters in their craft. The <strong>Museum Van Loon</strong> (once home to Bol) and the <strong>Royal Palace</strong> will further explore their lives and career with their own unique exhibits. The exhibitions will include exquisite portraits and dramatic scenes from the Bible and the classics, and will for the first time take these two masters out of their teacher&rsquo:s shadow.";"Fr 13 October 2017 including Su 18 February 2018 Mo -Su: Open.";"";"2.3.14";"Amsterdam Museum";"AMSTERDAM";"Kalverstraat  92";"1001 AC";"52,3704150";"4,8912970";"http://www.amsterdammuseum.nl";"https://media.ndtrc.nl/Images/1b/1bf77388-23a1-4ae1-af60-50f4a1a56d8b/e58f779b-e535-4439-9ca9-4bb934831aef.jpg,https://media.ndtrc.nl/Images/1b/1bf77388-23a1-4ae1-af60-50f4a1a56d8b/68c27029-7527-49e8-a726-ad46281ea0fe.jpg";"https://media.ndtrc.nl/Images/1b/1bf77388-23a1-4ae1-af60-50f4a1a56d8b/e58f779b-e535-4439-9ca9-4bb934831aef.jpg";"13-10-2017";"18-02-2018";"";"";"2017-08-01 08:20:45";
"78712648-c072-493b-b90e-5c6812c75849";"Govert Flinck & Ferdinand Bol";"Werk van meesterschilders Govert Flinck en Ferdinand Bol. Te zien van 13 oktober tot en met 18 februari 2018, in Paleis op de Dam in Amsterdam.";"<h2>Hollandse meesters</h2> <br /> Het Amsterdam Museum organiseert samen met Museum Het Rembrandthuis de eerste omvangrijke overzichtstentoonstelling ooit over de schilders Govert Flinck (1615-1660) en Ferdinand Bol (1616-1680). Ook een andere locatie in stad, Museum van Loon, sluit aan bij de tentoonstelling door in dezelfde periode aandacht aan de twee kunstenaars te schenken.";"Vr 13 oktober 2017 t/m zo 18 februari 2018 ma-zo: geopend.";"Ferdinand Bol and Govert Flinck ? Rembrandt?s Master Pupils";"A first of its kind, the Ferdinand Bol and Govert Flinck exhibition will bring together both museum and private-collection paintings from all over the world, some of which have not been in the Netherlands since the 17th century. The exhibition will be held simultaneously in four key locations across the city, the Amsterdam Museum, the Rembrandt House Museum, the Royal Palace and Museum Van Loon from 13 October 2017 to 18 February 2018.";"<h2>Four locations for a comprehensive story</h2> The <strong>Rembrandt House Museum</strong> &ndash: where Ferdinand Bol and Govert Flinck were trained by Rembrandt himself &ndash: will exhibit the pupils&rsquo: early learning works, while the <strong>Amsterdam Museum</strong> will focus on their later development as masters in their craft. The <strong>Museum Van Loon</strong> (once home to Bol) and the <strong>Royal Palace</strong> will further explore their lives and career with their own unique exhibits. The exhibitions will include exquisite portraits and dramatic scenes from the Bible and the classics, and will for the first time take these two masters out of their teacher&rsquo:s shadow.";"Fr 13 October 2017 including Su 18 February 2018 Mo -Su: Open.";"";"2.3.14";"Koninklijk Paleis";"AMSTERDAM";"Dam";"1012 JS";"52,3731270";"4,8900800";"http://www.paleisamsterdam.nl";"https://media.ndtrc.nl/Images/78/78712648-c072-493b-b90e-5c6812c75849/df6eed67-6f1f-41ec-839e-f2aed3c9948e.jpg,https://media.ndtrc.nl/Images/78/78712648-c072-493b-b90e-5c6812c75849/b57c5f4d-cab3-4920-a1af-b28dddf7d2ea.jpg";"https://media.ndtrc.nl/Images/78/78712648-c072-493b-b90e-5c6812c75849/df6eed67-6f1f-41ec-839e-f2aed3c9948e.jpg";"13-10-2017";"18-02-2018";"";"";"2017-08-01 08:23:43";
"415ff2a5-49b5-405d-adab-4f6255819e5d";"Jump into the future - The Borgmann donation";"Thomas Borgmann is als verzamelaar een ontdekkingsreiziger ? op jonge leeftijd betrad hij in Düsseldorf en Keulen het gebied van de hedendaagse kunst. Vorig jaar deed Thomas Borgmann het Stedelijk Museum, het museum dat hem naar eigen zeggen gevormd heeft, een grote schenking van hedendaagse kunst. Dit najaar toont het Stedelijk een groot deel van die schenking.";"<h2>Art from the 90&rsquo:s and 2000&rsquo:s</h2> <p>De schenking van Thomas Borgmann&nbsp:aan het Stedelijk laat zien wat er in de hedendaagse kunst gebeurde in de jaren 90 en aan het begin van deze eeuw. Het is de periode waarin de grenzen in de kunst wegvallen: kunstenaars gebruiken alle soorten media, laten categorie&euml:n los en gebruiken alles door elkaar: schilderijen, fotografie, tekeningen, sculptuur, installatie, video en performance. </p> <h2>The Borgmann donation</h2> De schenking is een goede aanvulling op de collectie van het Stedelijk: werk van kunstenaars die al door het Stedelijk werden verzameld wordt erdoor gecompleteerd, en er worden kunstenaars ge&iuml:ntroduceerd die nog niet in het Stedelijk vertegenwoordigd waren.&nbsp: <h2>Kunstenaars</h2> <p>Met werk van onder meer Cosima von Bonin, Isa Genzken, Michael Krebber, Lucy McKenzie, Matt Mullican, Paulina Olowska, Wolfgang Tillmans en Heimo Zobernig. Van de Amerikaanse kunstenaar Jack Goldstein is het gehele filmoeuvre geschonken. </p>";"Zo 26 november 2017 t/m zo 8 april 2018 ma-zo: geopend.";"Jump into the future - The Borgmann donation";"";"";"Su 26 November 2017 including Su 8 April 2018 Mo -Su: Open.";"";"2.3.14";"Stedelijk Museum";"AMSTERDAM";"Museumplein 10";"1071 DJ";"52,3580110";"4,8797550";"http://www.stedelijk.nl/tentoonstellingen/ik-ben-een-geboren-buitenlander,https://www.facebook.com/Stedelijk,https://twitter.com/stedelijk";"https://media.ndtrc.nl/Images/41/415ff2a5-49b5-405d-adab-4f6255819e5d/Stedelijk-20Museum_cc_Gert-20Jan-20van-20Rooij.jpg";"https://media.ndtrc.nl/Images/41/415ff2a5-49b5-405d-adab-4f6255819e5d/Stedelijk-20Museum_cc_Gert-20Jan-20van-20Rooij.jpg";"26-11-2017";"08-04-2018";"";"";"2017-08-01 16:01:41";
"7acc8323-666f-4215-8e72-dc56affaaef4";"Retrospectief Sottsass";"Het Stedelijk presenteert van april t/m augustus 2018 het eerste retrospectief van Sottsass in Nederland, dat de gehele breedte van zijn oeuvre laat zien. Hoewel ook hier zijn belang wordt onderkend, ging in het verleden de aandacht vooral uit naar zijn werk uit de postmodernistische jaren 70 en 80 (o.a. Memphis). Het Stedelijk Museum in Amsterdam voegt hiermee belangrijk werk van de Italiaanse ontwerper Ettore Sottsass toe aan de collectie Nederland.";"<h2>Retrospectief&nbsp:Sottsass</h2> <p>Het werk van de Italiaanse grootmeester, die een carri&egrave:re van maar liefst 70 jaar op zijn naam had, staat weer volop in de belangstelling van jonge ontwerpers, mede door een hernieuwde interesse in de jaren tachtig, het postmodernisme en daarmee een belangrijk deel van het oeuvre van Sottsass. </p>";"Zo 1 april 2018 t/m ma 1 oktober 2018 ma-zo: geopend.";"Retrospectief Sottsass";"";"";"Su 1 April 2018 including Mo 1 October 2018 Mo -Su: Open.";"";"2.3.14";"Stedelijk Museum";"AMSTERDAM";"Museumplein 10";"1071 DJ";"52,3580110";"4,8797550";"http://www.stedelijk.nl/tentoonstellingen/eerste-retrospectief-van-sottsass-in-nederland,https://www.facebook.com/Stedelijk,https://twitter.com/stedelijk";"https://media.ndtrc.nl/Images/7a/7acc8323-666f-4215-8e72-dc56affaaef4/Stedelijk-20Museum_cc_Gert-20Jan-20van-20Rooij.jpg";"https://media.ndtrc.nl/Images/7a/7acc8323-666f-4215-8e72-dc56affaaef4/Stedelijk-20Museum_cc_Gert-20Jan-20van-20Rooij.jpg";"01-04-2018";"01-10-2018";"";"";"2017-08-01 15:58:03";
"6d312a6b-1dbe-47b7-9f0a-e0504c6a1bee";"Charlotte Salomon, Leven? of Theater? en de overwinning op de angst";"Stichting Breukvlakken presenteert in nauwe samenwerking met het Joods Cultureel Kwartier en het Menasseh ben Israel Instituut het symposium Charlotte Salomon, Leven? of Theater en de overwinning op de angst.";"<p>De dag begint in het Joods Historisch Museum met een bezoek aan de tentoonstelling over&nbsp:Leven? of Theater? Een zangspel, het levenswerk&nbsp: van Charlotte Salomon. Dit werk, waarmee zij haar eigen angsten wist te overwinnen, is tot op de dag van vandaag een inspiratiebron voor velen. Mirjam Knotter, de conservator van de tentoonstelling, leidt het bezoek in.</p> <p>?s Middags in het Compagnietheater spreken prof. dr. Damiaan Denys, de Amerikaanse historica Darcy Buerkle, verbonden aan Smith College (Northampton, Massachusetts) en prof. dr. G.J.M. Verbeeck, hoofd van de afdeling geschiedenis van de faculteit Kunst en Sociale Wetenschappen van de Universiteit Maastricht. Ten slotte geeft&nbsp: Désanne van Brederode haar visie op de kracht van Charlotte Salomons creativiteit en kunstenaarschap. Het middagprogramma wordt muzikaal omlijst door muziek waar aan gerefereerd wordt in&nbsp:Leben? oder Theater?<i></i></p>";"Di 31 oktober 2017 t/m di 1 augustus 2017.";"Charlotte Salomon, Leven? of Theater? en de overwinning op de angst";"";"";"Tu 31 October 2017 including Tu 1 August 2017.";"";"2.3.14";"Joods Historisch Museum";"AMSTERDAM";"Nieuwe Amstelstraat 1";"1011 PL";"52,3671710";"4,9038100";"http://jck.nl/nl/event/charlotte-salomon-leven-theater-en-de-overwinning-op-de-angst";"https://media.ndtrc.nl/Images/6d/6d312a6b-1dbe-47b7-9f0a-e0504c6a1bee/Joods-20Historisch-20Museum_cc_Joods-20Cultureel-20Kwartier.jpg";"https://media.ndtrc.nl/Images/6d/6d312a6b-1dbe-47b7-9f0a-e0504c6a1bee/Joods-20Historisch-20Museum_cc_Joods-20Cultureel-20Kwartier.jpg";"";"";"";"";"2017-08-02 04:22:25";
"78a6ce9e-4e22-42ae-9ac8-b39ac92db52d";"Ondertussen";"Elk kwartaal manifesteren kunstenaars van de broedplaats Ondertussen in de Kweekschool zich in de Studio van het NHM.";"<p><span>Elk kwartaal manifesteren kunstenaars van de broedplaats Ondertussen in de Kweekschool zich in de Studio van het NHM. Op 3 december geven de kunstenaars hun visie op de tentoonstelling&nbsp:</span><i>Het Persoonsbewijs</i>.<i></i>?</p>";"Zo 3 december 2017 t/m di 1 augustus 2017.";"Ondertussen";"";"";"Su 3 December 2017 including Tu 1 August 2017.";"";"2.3.14";"Joods Historisch Museum";"AMSTERDAM";"Nieuwe Amstelstraat 1";"1011 PL";"52,3671710";"4,9038100";"http://jck.nl/nl/event/ondertussen-december";"https://media.ndtrc.nl/Images/78/78a6ce9e-4e22-42ae-9ac8-b39ac92db52d/Joods-20Historisch-20Museum_cc_Joods-20Cultureel-20Kwartier.jpg";"https://media.ndtrc.nl/Images/78/78a6ce9e-4e22-42ae-9ac8-b39ac92db52d/Joods-20Historisch-20Museum_cc_Joods-20Cultureel-20Kwartier.jpg";"";"";"";"";"2017-08-02 04:22:26";
"173a0832-f789-4165-8bae-acdd182f2edd";"Masterclass: oude fotografische technieken 15/12 / cyanotypie & gomdruk, met Adriaan Heijboer";"Ook deze maand organiseert Huis Marseille weer een Masterclass Oude Technieken met de meester van de edele prodecés: Adriaan Heijboer.";"<p>Aan bod komen de meervoudige<span>&nbsp:</span><a title=&quot:Workshop oude technieken / de gomdruk&quot: href=&quot:http://www.huismarseille.nl/education/oude-technieken-de-gomdruk/&quot:>gomdruk<span>&nbsp:</span></a>&amp:<span>&nbsp:</span><a title=&quot:Workshop oude technieken / de cyanotypie&quot: href=&quot:http://www.huismarseille.nl/education/oude-technieken-de-cyanotypie/&quot:>cyanotopie</a>. Tijdens de masterclass in Huis Marseille leert u hoe u deze relatief eenvoudig uit te voeren technieken zelf kan toepassen.</p> <p>Aan het einde van de dag neemt u 4 originele afdrukken mee naar huis</p> <p>vrije expressie cyanotopie</p> <p>gomdruk monochroom</p> <p>driekleuren gomdruk</p> <p>cyanotopie duotoon</p> <p>Er wordt bovendien tijdens de masterclass een eigen filmnegatief vervaardigd op basis van uw eigen meegenomen digitaal bestand (gebruikt bij monochrome gomdruk en cyanotopie duotoon), dit negatief mag u uiteraard ook houden.</p> <p>Wees er snel bij: deze masterclass is erg populair en plaatsen zijn beperkt.</p>";"Vr 15 december 2017 t/m wo 2 augustus 2017.";"Masterclass: oude fotografische technieken 15/12 / cyanotypie & gomdruk, met Adriaan Heijboer";"";"";"Fr 15 December 2017 including We 2 August 2017.";"";"2.3.14";"Huis Marseille, Museum voor Fotografie";"AMSTERDAM";"Keizersgracht 401";"1016 EK";"52,3676370";"4,8848230";"https://www.huismarseille.nl/agenda/";"https://media.ndtrc.nl/Images/17/173a0832-f789-4165-8bae-acdd182f2edd/masterclass06-e1497953310641.jpg";"https://media.ndtrc.nl/Images/17/173a0832-f789-4165-8bae-acdd182f2edd/masterclass06-e1497953310641.jpg";"";"";"";"";"2017-08-03 04:24:00";
"25986abd-71ad-4a52-8960-af6fe2ff6290";"Masterclass: oude fotografische technieken, II 10/11 / cyanotypie & zoutdruk, met Adriaan Heijboer";"Een nieuwe masterclass onder leiding van expert Adriaan Heijboer!";"<p></p> <p>Naast de bekende masterclass<span>&nbsp:</span><a href=&quot:http://www.huismarseille.nl/education/oude-technieken-de-gomdruk/&quot:>meervoudige gomdruk&nbsp:</a>&amp:&nbsp:<a href=&quot:http://www.huismarseille.nl/education/oude-technieken-de-cyanotypie/&quot:>cyanotopie</a><span>&nbsp:</span>is er nu een nieuwe masterclass waarin we verder gaan met de cyanotypie en een nieuwe techniek introduceren: de zoutdruk.</p> <p>Deze masterclass gaat dieper op de materie in. Aan bod komen onder andere het omzetten van uw eigen digitale kleurbestand naar een zwart-wit filmnegatief geschikt voor het afdrukken met oude technieken, het bepalen van belichtingstijden bij oude technieken, het maken van een cyanotypie en het maken van een zoutdruk.</p> <p>Aan het einde van deze dag neemt u de volgende originele afdrukken mee naar huis:</p> <p>Cyanotypie vrije expressie op papier</p> <p>Cyanotypie standaard (de blauwdruk)</p> <p>Zoutdruk vrije expressie op papier</p> <p>Zoutdruk standaard</p> <p>Wees er snel bij: deze masterclass is erg populair en plaatsen zijn beperkt!</p> <p></p>";"Vr 10 november 2017 t/m wo 2 augustus 2017.";"Masterclass: oude fotografische technieken, II 10/11 / cyanotypie & zoutdruk, met Adriaan Heijboer";"";"";"Fr 10 November 2017 including We 2 August 2017.";"";"2.3.14";"Huis Marseille, Museum voor Fotografie";"AMSTERDAM";"Keizersgracht 401";"1016 EK";"52,3676370";"4,8848230";"https://www.huismarseille.nl/agenda/";"https://media.ndtrc.nl/Images/25/25986abd-71ad-4a52-8960-af6fe2ff6290/masterclass03-e1497953367862.jpg";"https://media.ndtrc.nl/Images/25/25986abd-71ad-4a52-8960-af6fe2ff6290/masterclass03-e1497953367862.jpg";"";"";"";"";"2017-08-03 04:23:59";
"63f22ba3-71b9-4de8-90c9-455ea0e3088e";"Eddo Hartmann / Setting the Stage: Pyongyang, North Korea, Part 2";"In het voorjaar van 2015 liet Huis Marseille het eerste deel zien van Eddo Hartmanns project waarin hij probeerde de werkelijkheid van Pyongyang in beeld te brengen.";"<p><span>Pyongyang ? de hoofdstad en grootste stad van Noord-Korea ? is de belichaming van een concept, de modelstad als themapark, een stad vol futuristische monumenten die opperste controle uitstralen. Alles wat een buitenstaander te zien krijgt, is streng gereguleerd. In latere bezoeken aan dit land heeft Eddo Hartmann geprobeerd juist de onbekende aspecten van de ideologie te vangen. In dit tweede en afrondende deel van zijn project is Hartmann verder doorgedrongen in het dagelijkse bestaan van de mensen die in deze geïsoleerde hoek van de wereld wonen. Met filmmateriaal en 360-graden-video?s maakte hij opnamen die de toeschouwer de sensatie geven te ervaren hoe het werkelijk kan zijn om dag in dag uit in deze omgeving te moeten leven. En zich af te vragen of de bewoners van Pyongyang zich noodgedwongen als auteurs zijn gaan bewegen in het toneelstuk dat om hen heen gebouwd is.</span><br></p>";"Za 9 december 2017 t/m wo 2 augustus 2017.";"Eddo Hartmann / Setting the Stage: Pyongyang, North Korea, Part 2";"";"";"Sa 9 December 2017 including We 2 August 2017.";"";"2.3.14";"Huis Marseille, Museum voor Fotografie";"AMSTERDAM";"Keizersgracht 401";"1016 EK";"52,3676370";"4,8848230";"https://www.huismarseille.nl/agenda/tentoonstellingen/";"https://media.ndtrc.nl/Images/63/63f22ba3-71b9-4de8-90c9-455ea0e3088e/Three-Revolutions-Rocket-Pyongyang-North-Korea-2017--C2-A9-Eddo-Hartmann.jpg";"https://media.ndtrc.nl/Images/63/63f22ba3-71b9-4de8-90c9-455ea0e3088e/Three-Revolutions-Rocket-Pyongyang-North-Korea-2017--C2-A9-Eddo-Hartmann.jpg";"";"";"";"";"2017-08-03 04:23:56";
"9c61018d-a261-4c4d-9529-259523adb102";"Jesper Just";"De Deense kunstenaar Jesper Just (Kopenhagen, 1974) is internationaal bekend geworden met cinematografische werken waarin hij ambigue onderwerpen als gender, verlangen, relaties en identiteit onderzoekt. Zijn filmwerken, installaties, architecturale ingrepen en live performances zijn onder meer te zien geweest op de Biënnale van Venetië (Deens paviljoen), in Palais de Tokyo in Parijs en op Performa 15 en op Time Square, beide in New York. In de tentoonstelling in EYE Filmmuseum staan Justs grote ruimtelijke filminstallaties centraal.";"<h2>Ruimtelijke installatie</h2> Jesper Just is een kunstenaar die zich in zijn werk heel specifiek bezighoudt met de mogelijkheden die een museale ruimte biedt om film tot een ruimtelijke installatie te maken. Hij kiest vaak voor  presentaties op verschillende schermen waar de bezoeker tussendoor beweegt, waarbij hij dikwijls  gebruikmaakt van extreme maten, zoals projecties van 25 meter breedte. Deze zijn aangevuld met een complexe geluid- en lichtinstallatie en soms ook met uitgebreide ingrepen in de bestaande architectuur.<br /> <br /> EYE volgt het werk van Just al jaren, vanwege de uitgesproken artistiek inhoudelijke kwaliteiten van zijn oeuvre, maar ook vanwege zijn specifieke aandacht voor en onderzoek naar de ruimtelijke presentatie van zijn werken.<br /> <br /> Die belangstelling voor ruimtelijke en grootschalige installaties sluit haarfijn aan bij de uitgangspunten van het tentoonstellingsprogramma van EYE, dat zich o.m. richt op wat film nog meer is dan de feature film in een cinema-zaal, en waarin aandacht wordt geschonken aan de raakvlakken tussen beeldende kunst en cinema,  waarbij de ruimtelijke presentaties van filmwerken vaak centraal staan.<br /> <br /> De tentoonstelling gaat vergezeld met een uitgebreid programma van films, talks en events in de filmzalen van EYE Filmmuseum.";"Za 16 december 2017 t/m zo 11 maart 2018 ma-zo: 10:00 - 19:00 uur.";"Jesper Just";"";"";"Sa 16 December 2017 including Su 11 March 2018 Mo -Su: 10:00 - 19:00 hour.";"";"2.3.14";"EYE Filmmuseum";"AMSTERDAM";"IJpromenade 1";"1031 KT";"52,3843990";"4,9009780";"https://www.eyefilm.nl/tentoonstelling/jesper-just";"https://media.ndtrc.nl/Images/9c/9c61018d-a261-4c4d-9529-259523adb102/4749f6f9-a34c-4e2e-9913-27b53415405c.jpg";"https://media.ndtrc.nl/Images/9c/9c61018d-a261-4c4d-9529-259523adb102/4749f6f9-a34c-4e2e-9913-27b53415405c.jpg";"16-12-2017";"11-03-2018";"";"";"2017-08-03 13:22:48";
"19fcb84a-bf92-4dd2-a678-b797a85beff2";"Stichting de Vrolijkheid | Tijd voor Tapijten";"Ontwerpers en Nederlandse asielzoekerscentra hebben de handen ineengeslagen voor de ontwikkeling van elf tapijten. Tijd voor Tapijten vertelt verhalen over het gewone familieleven van voor een oorlog of vlucht. Te zien bij Podium Mozaïek in Amsterdam vanaf 9 november.";"Ontwerpers, vaak zelf met een vluchtelingenachtergrond, hebben in elf Nederlandse asielzoekerscentra bewoners ontmoet en in workshops verhalen gedeeld, technieken, talenten en expertise ontdekt. Dit resulteerde in elf tapijten, gemaakt in samenwerking met bewoners van deze azc's, op basis van hun technieken en verhalen. Daarmee maakt Tijd voor Tapijten sporen zichtbaar &ndash: ongeacht of deze families mogen blijven of moeten vertrekken.";"Meerdere data: Vanaf do 9 november 2017 t/m zo 7 januari 2018.";"Stichting de Vrolijkheid | Tijd voor Tapijten";"";"";"Multiple data: from Th 9 November 2017 to Su 7 January 2018.";"";"2.3.14";"Podium Mozaïek";"AMSTERDAM";"Bos en Lommerweg 191";"1055 DT";"52,3800770";"4,8541040";"http://www.podiummozaiek.nl/";"https://media.ndtrc.nl/Images/19/19fcb84a-bf92-4dd2-a678-b797a85beff2/42c66eaa-6c3f-4428-ba1a-27d86bcd3551.jpg";"https://media.ndtrc.nl/Images/19/19fcb84a-bf92-4dd2-a678-b797a85beff2/42c66eaa-6c3f-4428-ba1a-27d86bcd3551.jpg";"";"";"09-11-2017,10-11-2017,11-11-2017,12-11-2017,13-11-2017,14-11-2017,15-11-2017,16-11-2017,17-11-2017,18-11-2017,19-11-2017,20-11-2017,21-11-2017,22-11-2017,23-11-2017,24-11-2017,25-11-2017,26-11-2017,27-11-2017,28-11-2017,29-11-2017,30-11-2017,01-12-2017,02-12-2017,03-12-2017,04-12-2017,05-12-2017,06-12-2017,07-12-2017,08-12-2017,09-12-2017,10-12-2017,11-12-2017,12-12-2017,13-12-2017,14-12-2017,15-12-2017,16-12-2017,17-12-2017,18-12-2017,19-12-2017,20-12-2017,21-12-2017,22-12-2017,23-12-2017,24-12-2017,25-12-2017,26-12-2017,27-12-2017,28-12-2017,29-12-2017,30-12-2017,31-12-2017,01-01-2018,02-01-2018,03-01-2018,04-01-2018,05-01-2018,06-01-2018,07-01-2018";"";"2017-08-03 16:36:11";
"b49f9a81-a8e7-4e8f-a360-6b221b64a418";"Hollandse Meesters uit de Hermitage";"Voor het eerst in haar bestaan wijdt de Hermitage Amsterdam een tentoonstelling aan een van de opzienbarendste schatten van de Hermitage in St.-Petersburg: Hollandse Meesters. Voor de tentoonstelling 'Hollandse Meesters uit de Hermitage. Oogappels van de tsaren' zijn drieënzestig werken van vijftig schilders geselecteerd, waaronder zes schilderijen van Rembrandt. Zo goed als alle grote meesters zijn vertegenwoordigd. De tentoonstelling is te zien van zaterdag 7 oktober 2017 tot en met 27 mei 2018 in de Keizersvleugel van de Hermitage Amsterdam.";"Het wordt een feest van herkenning en ontdekking, met zes werken van Rembrandt, werken van Gerrit Adriaensz. Berckheyde, Ferdinand Bol, Gerard ter Borch, Gerard Dou, Govert Flinck, Jan van Goyen, Frans Hals, Pieter Lastman, Gabri&euml:l Metsu, Paulus Potter, Jacob van Ruisdael, Jan Steen, Joachim Wtewael en vele anderen. De bloeiperiode tussen 1650 en 1670 komt met 37 werken ruim aan bod. Naast wereldberoemde schilderijen als Rembrandts Flora en Jonge vrouw met oorbellen, een van Frans Hals&rsquo: beroemde mannenportretten en De Nieuwmarkt in Amsterdam van Bartholomeus van der Helst, bevat de tentoonstelling ook werken van tegenwoordig minder bekende schilders, zoals Willem Drost, Jacob Duck, Pieter Janssens Elinga, Arent de Gelder en Emanuel de Witte, die niettemin zeer indrukwekkend te noemen zijn. De ruime meerderheid (57) van de werken heeft een vaste plek in de Hollandse zalen in de Russische Hermitage en de meeste schilderijen zijn voor het eerst weer te zien in Nederland.";"Za 7 oktober 2017 t/m zo 27 mei 2018 ma-zo: geopend.";"Dutch Masters from the State Hermitage";"Easily one of the biggest exhibitions of the year, this collection of masterpieces from the Hermitage in St Petersburg shines a light on the Dutch Masters. Find the exhibit at Hermitage Amsterdam until 27 May 2017.";"<h2>Delve into the Dutch Golden Age</h2> <p>Travel back in time to the Netherlands' Golden Age, and encounter an impressive array of the works that influenced &ndash: and continue to influence &ndash:  artistic styles across a range of styles. Sixty-three works by 50 different artists will be on display here in Amsterdam, and &ndash: naturally &ndash:  it includes some really big names: <strong>Rembrandt</strong>, <strong>Ferdinand Bol</strong>, <strong>Gerard Dou</strong>, <strong>Govert Flinck</strong> and <strong>Frans Hals</strong>. But amongst the halls, you're also likely to encounter some lesser-known works that are as equally majestic. </p> <p>Find out more on the <a href=&quot:http://www.hermitage.nl/en/&quot: target=&quot:_blank&quot:>Hermitage Amsterdam website</a>, and be sure to take a look at these other <a href=&quot:http://www.iamsterdam.com/en/see-and-do/whats-on/exhibitions&quot:>upcoming exhibitions in Amsterdam</a>. </p>";"Sa 7 October 2017 including Su 27 May 2018 Mo -Su: Open.";"";"2.3.14";"Hermitage Amsterdam";"AMSTERDAM";"Amstel 51";"1018 EJ";"52,3653120";"4,9025420";"http://www.hermitage.nl";"https://media.ndtrc.nl/Images/b4/b49f9a81-a8e7-4e8f-a360-6b221b64a418/98c7fa60-fde0-400a-8e56-a808f5fcfc45.jpg,https://media.ndtrc.nl/Images/b4/b49f9a81-a8e7-4e8f-a360-6b221b64a418/0ea03bce-b8e5-4aa6-bfdf-86b9ae73dc0a.jpg";"https://media.ndtrc.nl/Images/b4/b49f9a81-a8e7-4e8f-a360-6b221b64a418/98c7fa60-fde0-400a-8e56-a808f5fcfc45.jpg";"07-10-2017";"27-05-2018";"";"";"2017-08-03 18:22:52";
"531aebbf-bf99-469f-8be0-2f7b67b68355";"De Stijl en Metz & Co";"Niet alleen was Metz & Co een warenhuis maar gaf de directie ook opdrachten aan kunstenaars om onder meer meubels en tapijten te ontwerpen. Deze producten werden vanaf de jaren twintig gezichtsbepalend voor het warenhuis. Te zien van 14 oktober tot en met 28 januari 2018, in Stedelijk Museum in Amsterdam. Ihkv 100 jaar De Stijl.  ";"<strong>100 Jaar De Stijl</strong><br /> In 2017 is het 100 jaar geleden dat De Stijl werd opgericht, de legendarische kunstenaars- en architectengroep rond Theo van Doesburg, Piet Mondriaan en Gerrit Rietveld. Dat wordt in Nederland door verschillende musea groot gevierd. In 2017 wijdt het Stedelijk Museum een jaar lang presentaties aan onverwachte kanten van De Stijl, zoals een tentoonstelling over Chris Beekman, het afvallige lid van De Stijl. Ook legt het museum een verbinding met de Russische Revolutie, die eveneens in 1917 plaatsvond.";"Za 14 oktober 2017 t/m zo 28 januari 2018 ma-zo: geopend.";"De Stijl en Metz & Co";"De Stijl and Metz & Co showcases innovative items designed by artists such as Bart van der Leck and Vilmos Huszár, alongside the pieces they created for the store. Find the exhibition at Amsterdam's Stedelijk Museum until 28 January 2017. ";"<h2>An enlightening De Stijl exhibit </h2> <p>Amsterdam-based department store <strong>Metz &amp: Co</strong> was largely involved with the <strong>De Stijl</strong> art movement, playing a role in disseminating the modern furniture, fabrics and design accessories into homes throughout the Netherlands. This exhibition showcases some of those historic objects. Needless to say, you're bound to stumble upon some true hidden gems from the iconic movement. </p> <p>Find more information on the <a href=&quot:http://www.stedelijk.nl/en&quot: target=&quot:_blank&quot:>Stedelijk Museum website</a>, and be sure to browse more <a href=&quot:http://www.iamsterdam.com/en/see-and-do/whats-on/exhibitions&quot: target=&quot:_blank&quot:>upcoming exhibitions in Amsterdam</a>. </p>";"Sa 14 October 2017 including Su 28 January 2018 Mo -Su: Open.";"";"2.3.14";"Stedelijk Museum";"AMSTERDAM";"Museumplein 10";"1071 DJ";"52,3564290";"4,8798010";"http://www.stedelijk.nl";"https://media.ndtrc.nl/Images/53/531aebbf-bf99-469f-8be0-2f7b67b68355/8d4576bf-7c46-49b1-b063-785ccaf87eec.jpg";"https://media.ndtrc.nl/Images/53/531aebbf-bf99-469f-8be0-2f7b67b68355/8d4576bf-7c46-49b1-b063-785ccaf87eec.jpg";"14-10-2017";"28-01-2018";"";"";"2017-08-04 16:57:01";
"ff10bd30-ef37-4972-9765-fe3ea38769ad";"Te gast uit Leiden: Het Laatse Oordeel van Lucas van Leyden";"Van 23 augustus 2016 tot en met 23 augustus 2018 is het meesterwerk uit de 16e eeuw 'Het laatste Oordeel' (1526-1527) te zien van Lucas van Leyden. Twee jaar lang is hij te gast in de eregalerij in het Rijksmuseum in Amsterdam.";"<h2>Eregalerij</h2> <p>Taco Dibbits, hoofddirecteur Rijksmuseum over Het Laatste Oordeel: ''Het Laatste Oordeel van Lucas van Leyden is het belangrijkste altaarstuk dat in Nederland bewaard is gebleven. Wij zijn dan ook vereerd dat wij dit topstuk uit Museum De Lakenhal de komende twee jaar mogen tonen op de Eregalerij.''<br /> <br /> Op deze manier krijgt 'Het Laatste Oordeel' de internationale roem die het verdiend. Na de eregalerij zal het schilderij terug naar zijn vaste plaats gaan in het vernieuwde Museum De Lakenhal.&nbsp:</p>";"Di 23 augustus 2016 t/m do 23 augustus 2018.";"Te gast uit Leiden: Het Laatse Oordeel van Lucas van Leyden";"";"";"Tu 23 August 2016 including Th 23 August 2018.";"";"2.3.14";"Rijksmuseum";"AMSTERDAM";"Museumstraat 1";"1071 XX";"52,3600070";"4,8851850";"https://www.rijksmuseum.nl/nl/nu-in-het-museum/tentoonstellingen";"https://media.ndtrc.nl/Images/ff/ff10bd30-ef37-4972-9765-fe3ea38769ad/Rijksmuseum_cc_Pedro-20Pegenaute.jpg";"https://media.ndtrc.nl/Images/ff/ff10bd30-ef37-4972-9765-fe3ea38769ad/Rijksmuseum_cc_Pedro-20Pegenaute.jpg";"";"";"";"";"2017-08-08 11:21:51";
"67af44a6-c033-49d6-9d61-22cefe408b05";"Tocht naar Chatham";"350 jaar geleden, op 19 juni 1667, voerde admiraal Michiel de Ruyter een verrassingsaanval uit op de Engelse vloot die bij de marinewerf Chatham voor anker lag. De Engelse marineschepen werden grotendeels vernietigd en het vlaggenschip 'Royal Charles' werd als oorlogstrofee mee naar Nederland gevoerd. Van 20 juni tot en met 12 november 2017 is de tentoonstelling 'Tocht naar Chatham' te zien in het Rijksmuseum in Amsterdam.";"<p><span style=&quot:font-size: 12.8px:&quot:></span></p> <h2>Organisaties</h2> Vanaf 19 juni 2017 wordt aan de expeditie in Nederland aandacht gegeven met onder andere presentaties in het Rijksmuseum, het Marinemuseum in Den Helder en het Zeeuws maritiem museum muZEEum in Vlissingen, twee symposia, lezingen en activiteiten voor scholen (SnapChatham). Aan de organisatie van de herdenking werken meer dan dertig organisaties mee waaronder de Chatham Historic Dockyard Trust, de Koninklijke Marine, Stichting Michiel de Ruyter en Het Scheepvaartmuseum.";"Di 20 juni 2017 t/m zo 12 november 2017.";"Tocht naar Chatham";"";"";"Tu 20 June 2017 including Su 12 November 2017.";"";"2.3.14";"Rijksmuseum";"AMSTERDAM";"Museumstraat 1";"1071 XX";"52,3600070";"4,8851850";"https://www.rijksmuseum.nl/nl/nu-in-het-museum/tentoonstellingen";"https://media.ndtrc.nl/Images/67/67af44a6-c033-49d6-9d61-22cefe408b05/Rijksmuseum_cc_Pedro-20Pegenaute.jpg";"https://media.ndtrc.nl/Images/67/67af44a6-c033-49d6-9d61-22cefe408b05/Rijksmuseum_cc_Pedro-20Pegenaute.jpg";"";"";"";"";"2017-08-08 11:13:46";
"73712b48-cca7-477b-8e0a-32c482bed427";"Lente in het Aziatisch Paviljoen";"Het Japanse kamerscherm 'Vermaak bij de kersenbloesems' heeft een flinke restauratie ondergaan en is nu weer te bewonderen in het Rijksmuseum in Amsterdam. Van 20 april 2017 tot en met 17 oktober 2017 wordt zowel de Nederlandse als de Japanse lente gevierd.";"<h2>Restauratie</h2> Het kamerscherm krijg je een prachtig beeld van de bloeiende Japanse stadscultuur, aan het eind van de 17e eeuw. Voor een lange tijd was het scherm niet stevig genoeg waardoor hij het depot niet kon verlaten. Dankzij een particuliere gift kon het scherm onderzocht en gerestaureerd worden.&nbsp:";"Do 20 april 2017 t/m di 17 oktober 2017.";"Lente in het Aziatisch Paviljoen";"";"";"Th 20 April 2017 including Tu 17 October 2017.";"";"2.3.14";"Rijksmuseum";"AMSTERDAM";"Museumstraat 1";"1071 XX";"52,3600070";"4,8851850";"https://www.rijksmuseum.nl/nl/nu-in-het-museum/tentoonstellingen";"https://media.ndtrc.nl/Images/73/73712b48-cca7-477b-8e0a-32c482bed427/Rijksmuseum_cc_Pedro-20Pegenaute.jpg";"https://media.ndtrc.nl/Images/73/73712b48-cca7-477b-8e0a-32c482bed427/Rijksmuseum_cc_Pedro-20Pegenaute.jpg";"";"";"";"";"2017-08-08 11:06:22";
"9a3388d1-450d-4e6f-9288-4a67d9f41740";"Anoek Steketee - Staatloos, Document Nederland";"Ieder jaar organiseert het Rijksmuseum in Amsterdam de tentoonstelling 'Document Nederland'. Dit jaar is Anoek Steketee gevraagd en van 6 oktober 2017 tot en met 7 januari 2018 is haar tentoonstelling te zien met het thema 'Staatloos'. ";"<h2>Staatloos</h2> <h2><span style=&quot:font-size: 12.8px:&quot:>Over de hele wereld zijn er ongeveer 10 miljoen mensen staatloos. Als je staatloos bent dan heb je geen offici&euml:le nationaliteit, geen paspoort en geen rechten. In principe besta je niet.&nbsp:<br /> </span><br /> Document Nederland</h2> <p>Al sinds 1975 organiseert het Rijksmuseum jaarlijks de tentoonstelling 'Document Nederland', met ieder jaar een andere Nederlandse fotograaf. Hier wordt de fotograaf gevraagd om een actueel maatschappelijk onderwerp te presenteren. Eerdere fotografen waren onder anderen Hans Aarsman (1984), Dana Lixenberg (2011), Henk Wildschut (2013), Hans van der Meer (2015) en Carel van Hees (2016).<br /> <br /> </p>";"Vr 6 oktober 2017 t/m zo 7 januari 2018 ma-zo: geopend.";"Anoek Steketee - Staatloos, Document Nederland";"";"";"Fr 6 October 2017 including Su 7 January 2018 Mo -Su: Open.";"";"2.3.14";"Rijksmuseum";"AMSTERDAM";"Museumstraat 1";"1071 XX";"52,3600070";"4,8851850";"https://www.rijksmuseum.nl/nl/nu-in-het-museum/tentoonstellingen";"https://media.ndtrc.nl/Images/9a/9a3388d1-450d-4e6f-9288-4a67d9f41740/Rijksmuseum_cc_Pedro-20Pegenaute.jpg";"https://media.ndtrc.nl/Images/9a/9a3388d1-450d-4e6f-9288-4a67d9f41740/Rijksmuseum_cc_Pedro-20Pegenaute.jpg";"06-10-2017";"07-01-2018";"";"";"2017-08-08 10:41:38";
"fa57d616-8e91-48b3-ad82-394dbf4c9a87";"Vernieuwde Schatkamer";"De Schatkamer van het Stadsarchief in Amsterdam is opnieuw ingericht, te zien vanaf 10 maart 2017. De geschiedenis van Amsterdam is nu te zien in 12 verhalen, achter de kluisdeuren van de safe deposit. Ook is er een selectie foto's te bewonderen van bekende fotografen, van onder anderen Jacob Olie, George Breitner, Bernard Eilers, Wim van der Linden en Cor Jaring.";"<h2>Geschiedenis</h2> In het begin van de 13de eeuw ontstond er een kleine nederzetting op de linkeroever van de Amstel, ter hoogte van de huidige Nieuwendijk. Het oudste Amsterdam was geen agrarische nederzetting. Er woonden ambachtslieden, zoals een smid en een wever.&nbsp:<span style=&quot:font-size: 12.8px:&quot:>Rembrandt van Rijn uit Leiden, Joost van den Vondel uit Duitsland en Elsje Christiaans uit Denemarken. In de 17de eeuw belandden ze alle drie in Amsterdam. Ze waren niet de enigen die naar de stad kwamen. In de Gouden Eeuw groeide Amsterdam uit tot een van de belangrijkste steden van de wereld. De bevolking verdrievoudigde en de stad werd te klein. Daarom breidde Amsterdam uit en werd de beroemde grachtengordel aangelegd.</span>";"Vr 10 maart 2017 t/m za 8 juni 2019 ma-zo: geopend.";"Vernieuwde Schatkamer";"";"";"Fr 10 March 2017 including Sa 8 June 2019 Mo -Su: Open.";"";"2.3.14";"Stadsarchief Amsterdam - De Bazel";"AMSTERDAM";"Vijzelstraat 32";"1017 HL";"52,3645800";"4,8921970";"https://www.amsterdam.nl/stadsarchief/agenda/";"https://media.ndtrc.nl/Images/fa/fa57d616-8e91-48b3-ad82-394dbf4c9a87/Stadsarchief-20Amsterdam-20De-20Bazel_NC.jpg";"https://media.ndtrc.nl/Images/fa/fa57d616-8e91-48b3-ad82-394dbf4c9a87/Stadsarchief-20Amsterdam-20De-20Bazel_NC.jpg";"10-03-2017";"08-06-2019";"";"";"2017-08-09 12:55:31";
"5c7eb033-b4ac-4dde-820c-c57dd876fb6f";"Brutal Vitality: CoBrA in handen van Bank & Rau";"In de tentoonstelling ?Brutal Vitality? worden in vijf verhalen vertelt waarmee Bank & Rau het verhaal van Cobra laat zien op een unieke wijze. In het Cobra Museum voor Moderne Kunst in Amsterdam.";"<p><span>Het Deense kunstenaarsduo Bank &amp: Rau (Lone Bank en Tanja Rau) uit Kopenhagen is door het Cobra Museum uitgenodigd om een eigentijdse collectiepresentatie te maken vanuit hun eigen unieke visie.&nbsp:De collectie van het museum, de verhalen die erbij horen en de geschiedenis van de Cobra beweging met bijbehorende archiefstukken zijn de bouwstenen waarmee Bank &amp: Rau hebben gewerkt. Aangevuld met eigen werk ge&iuml:nspireerd op de collectie.</span></p>";"Zo 1 maart 2015 t/m zo 31 december 2017.";"Brutal Vitality: CoBrA in handen van Bank & Rau";"";"";"Su 1 March 2015 including Su 31 December 2017.";"";"2.3.14";"Cobra Museum voor Moderne Kunst";"AMSTELVEEN";"Sandbergplein 1";"1181 ZX";"52,3039720";"4,8576730";"http://www.cobra-museum.nl/te-doen/";"https://media.ndtrc.nl/Images/5c/5c7eb033-b4ac-4dde-820c-c57dd876fb6f/Cobra_BR_PT_March-2015_Z1_MG_7811-1024x683.jpg";"https://media.ndtrc.nl/Images/5c/5c7eb033-b4ac-4dde-820c-c57dd876fb6f/Cobra_BR_PT_March-2015_Z1_MG_7811-1024x683.jpg";"";"";"";"";"2017-08-10 11:03:27";
"43630172-ff38-4715-bf28-07c526f03dab";"Brutal Vitality: CoBrA in handen van Bank & Rau";"?Brutal Vitality? een nieuwe totaalinstallatie in vijf verhalen waarmee Bank & Rau de bezoekers het verhaal van Cobra vertellen op een volstrekt unieke wijze";"<p><span>Het Deense kunstenaarsduo Bank &amp: Rau (Lone Bank en Tanja Rau) uit Kopenhagen is door het Cobra Museum uitgenodigd om een eigentijdse collectiepresentatie te maken vanuit hun eigen unieke visie.&nbsp:De collectie van het museum, de verhalen die erbij horen en de geschiedenis van de Cobra beweging met bijbehorende archiefstukken zijn de bouwstenen waarmee Bank &amp: Rau hebben gewerkt. Aangevuld met eigen werk geïnspireerd op de collectie. Dit vormt samen&nbsp:</span>?Brutal Vitality?<span>&nbsp:een nieuwe totaalinstallatie in 5 verhalen waarmee zij de bezoekers het verhaal van Cobra vertellen op een volstrekt unieke wijze.</span>?</p>";"Zo 1 maart 2015 t/m zo 31 december 2017.";"Brutal Vitality: CoBrA in handen van Bank & Rau";"";"";"Su 1 March 2015 including Su 31 December 2017.";"";"2.3.14";"Cobra Museum voor Moderne Kunst";"AMSTELVEEN";"Sandbergplein 1";"1181 ZX";"52,3039720";"4,8576730";"http://www.cobra-museum.nl/te-doen/";"https://media.ndtrc.nl/Images/43/43630172-ff38-4715-bf28-07c526f03dab/Cobra_BR_PT_March-2015_Z1_MG_7811-1024x683.jpg";"https://media.ndtrc.nl/Images/43/43630172-ff38-4715-bf28-07c526f03dab/Cobra_BR_PT_March-2015_Z1_MG_7811-1024x683.jpg";"";"";"";"";"2017-08-10 10:59:25";
"424f3bbe-e4ff-40d1-932e-2b4e459fdb3b";"We Have a Dream";"van 16 september 2017 t/m 4 februari 2018 is er een tentoonstelling te zien over drie wereldberoemde personen in De Nieuwe Kerk in Amsterdam. Mahatma Gandhi, Martin Luther King en Nelson Mandela hebben een grote invloed gehad op de geschiedenis. Alle drie zijn het wereldwijde rolmodellen geweest, die voorstanders waren voor sociale gelijkheid. Ze groeiden uit tot leiders, wat ook tegen ze werkten waardoor twee van hen vermoord zijn door de felle kritieken die zij uitriepen. ";"<h2>Inspiratie</h2> In deze tentoonstelling kun je de persoonlijke weg volgen van de drie invloedrijke personen. Hoe maakten zij het verschil en hoe komt het dat zij nog steeds een bron van inspiratie zijn? Van ieder persoon is een persoonlijk en iconisch voorwerp te zien met daarnaast een schat aan beeld en geluid.&nbsp:";"Za 16 september 2017 t/m zo 4 februari 2018 ma-zo: 10:00 - 17:00 uur.";"We Have a Dream";"";"";"Sa 16 September 2017 including Su 4 February 2018 Mo -Su: 10:00 - 17:00 hour.";"";"2.3.14";"De Nieuwe Kerk Amsterdam";"AMSTERDAM";"Dam";"1012 JS";"52,3731270";"4,8900800";"https://www.nieuwekerk.nl/tentoonstellingen/wehaveadream/,https://www.facebook.com/nieuwekerk/";"https://media.ndtrc.nl/Images/42/424f3bbe-e4ff-40d1-932e-2b4e459fdb3b/8b5b389c-195e-4902-b0ae-c1c39b1b9853.jpg";"https://media.ndtrc.nl/Images/42/424f3bbe-e4ff-40d1-932e-2b4e459fdb3b/8b5b389c-195e-4902-b0ae-c1c39b1b9853.jpg";"16-09-2017";"04-02-2018";"";"";"2017-08-10 11:26:42";
"0ef749fe-f1a8-4d94-ab53-e0319505ef6b";"We Have a Dream";"We have a Dream is een tentoonstelling in de Nieuwe Kerk Amsterdam over drie wereldberoemde personen die grote invloed hadden op de geschiedenis van de twintigste eeuw: Mahatma Gandhi, Martin Luther King en Nelson Mandela. De tentoonstelling is dagelijks te bezoeken van 16 september 2017 t/m 4 februari 2018.";"<p></p> <p>Gewone mensen die uitgroeiden tot leiders van grote bewegingen tegen rassendiscriminatie en sociale ongelijkheid. Alle drie werden wereldwijde rolmodellen, maar riepen ook felle kritiek en tegenstand op. Twee van hen werden vermoord om hun opvattingen en activisme.</p> <p>Het publiek beleeft hun wereld, het onrecht en de hoop, de grote historische momenten en hun persoonlijke weg daarnaartoe. En de bezoeker ervaart van dichtbij hoe persoonlijke idealen de wereld kunnen veranderen. Wat waren de kantelmomenten in hun levens? Hoe maakten zij het verschil en waarom inspireren zij nu nog steeds? En: wie zijn de wereldverbeteraars van nu?&nbsp:</p> <p>&lt:h2&gt:Tentoonstelling We Have a Dream&lt:/h2&gt:</p> <p>Een tentoonstelling met een schat aan beeld en geluid en van ieder één persoonlijk, iconisch voorwerp. Te zien tot en met 4 februari 2018.</p> <p></p>";"Za 16 september 2017 t/m zo 4 februari 2018 ma-zo: geopend.";"We Have a Dream";"We Have a Dream is an exhibition about three world-renowned figures who profoundly influenced the course of the twentieth century: Mahatma Gandhi, Martin Luther King and Nelson Mandela. The exhibition runs in De Nieuwe Kerk in Amsterdam from 16 September 2017 to 4 February 2018.";"<p></p> <p>They were ordinary people who led extraordinary movements against racial discrimination and social injustice. All three became role models around the world but also drew fierce criticism and opposition. Two were assassinated because of their ideas and activism.</p> <p>Experience their world, the injustice and the hope, the great moments in history and their personal journeys. Discover how one person?s ideals can change the world. What were the turning points in their lives? How did they make a difference and why are we still inspired by them today? And who are the people working to make the world a better place now?&nbsp:</p> <p>&lt:h2&gt:Exhibition We Have a Dream&lt:/h2&gt:<br></p> <p>This exhibition is a treasure trove of audio and visual exhibits and features iconic objects that were owned by each of these great leaders. The exhibition runs from 16 September 2017 to 4 February 2018.</p> <p></p>";"Sa 16 September 2017 including Su 4 February 2018 Mo -Su: Open.";"";"2.3.14";"De Nieuwe Kerk Amsterdam";"AMSTERDAM";"Dam 1";"1012 JS";"52,3735610";"4,8943670";"https://www.nieuwekerk.nl/tentoonstellingen/wehaveadream/,https://www.facebook.com/nieuwekerk/,https://twitter.com/nieuwekerk";"https://media.ndtrc.nl/Images/0e/0ef749fe-f1a8-4d94-ab53-e0319505ef6b/We-have-a-dream-3.jpg";"https://media.ndtrc.nl/Images/0e/0ef749fe-f1a8-4d94-ab53-e0319505ef6b/We-have-a-dream-3.jpg";"16-09-2017";"04-02-2018";"";"";"2017-08-10 11:25:51";
"bf0f1102-d0af-4582-9ace-4b1931d398b6";"?Legendary Trunks ? The Exhibition?";"Vanaf 6 december 2017 is er de tentoonstelling ?Legendary Trunks ? The Exhibition? in de Beurs van Berlage in Amsterdam. Meer dan 300 authentieke Louis Vuitton koffers, terug tot 1850, zijn te zien tijdens deze unieke tentoonstelling. ";"<h2>Reis door vijf generaties</h2> <p><span>&quot:Legendary Trunks - The Exhibition&quot: is een fascinerende reis door vijf generaties van Louis Vuitton's baanbrekende, innovatieve werken van onge&euml:venaard&nbsp:vakmanschap en de buitengewone avonturen die ze mogelijk hebben gemaakt. De collectie is &eacute:&eacute:n van 's werelds grootste en is eigendom van een Zweedse verzamelaar en geproduceerd door het Zweedse bedrijf Nordic Exhibitions &amp: Events Ltd.&nbsp:</span><span style=&quot:font-size: 12.8px:&quot:>De collectie omvat zeldzaamheden en koffers die&nbsp:eigendom zijn geweest, zijn&nbsp:genoemd en zijn ontworpen door beroemdheden zoals bijvoorbeeld President Frank D. Roosevelt, de acteurs Judy Garland, Sharon Stone en modeontwerper Tommy Hilfiger. Verscheidene koffers hebben unieke verhalen met links naar historische momenten zoals bijvoorbeeld de Titanic. Er zijn ook koffers&nbsp:in de collectie met links naar de schrijver Ernest Hemingway.</span></p>";"Wo 6 december 2017 t/m zo 18 februari 2018.";"?Legendary Trunks ? The Exhibition?";"";"";"We 6 December 2017 including Su 18 February 2018.";"";"2.3.14";"Amsterdam Conference Centre Beurs van Berlage";"AMSTERDAM";"Damrak 243";"1012 ZJ";"52,3751760";"4,8960590";"https://beursvanberlage.com/nl/agenda";"https://media.ndtrc.nl/Images/bf/bf0f1102-d0af-4582-9ace-4b1931d398b6/louis_vuitton_51_d4_1920x1080px.jpg";"https://media.ndtrc.nl/Images/bf/bf0f1102-d0af-4582-9ace-4b1931d398b6/louis_vuitton_51_d4_1920x1080px.jpg";"";"";"";"";"2017-08-10 12:11:43";
"70db984f-ce02-48b6-827d-92613cde39bf";"Matthijs Maris";"De tentoonstelling van Matthijs Maris bestaat uit 75 schilderijen, tekeningen en etsen. The Burrell Collection in Glasgow leent een belangrijke selectie werken van Maris uit, waardoor voor het eerst een compleet beeld van zijn oeuvre kan worden getoond. Van 6 oktober 2017 tot en met 7 januari 2018 te zien in het Rijksmuseum in Amsterdam.";"<p><span></span></p> <h2>De Vlinder</h2> In deze tentoonstelling wordt het verhaal vertelt van Matthijs Maris (1839-1917), die in zijn tijd wereldberoemd was maar zelf eenzaam door het leven ging, teruggetrokken in zijn atelier in Londen. Zijn meesterwerk was 'De Vlinders', die hij in 1874 schilderde in Parijs.";"Vr 6 oktober 2017 t/m zo 7 januari 2018 ma-zo: geopend.";"Matthijs Maris";"This retrospective exhibition features the works of Matthijs Maris, a 19th-century Dutch painter based mainly in London and Paris. Find the exhibition, which contains over 75 of the romantic bohemian's works, at the Rijksmuseum until 7 January 2017. ";"<h2>Mysterious 19-century art in Amsterdam</h2> <p>Known for showing mystical or fairy tale-like figures, <strong>Matthijs Maris</strong>' works are unmistakable, and his eccentric lifestyle and idiosyncratic paintings provided inspiration to young artists, including <strong>Vincent van Gogh</strong>. Many of the works exhibited here are on loan from the <strong>Burrell Collection</strong> in Glasgow, given special permission to leave Scotland while that museum undergoes drastic refurbishment. </p> <p>Find out more about the exhibition on the <a href=&quot:https://www.rijksmuseum.nl/en/matthijs-maris&quot: target=&quot:_blank&quot:>Rijksmuseum website</a>, and be sure to read about these other <a href=&quot:https://www.iamsterdam.com/en/see-and-do/whats-on/exhibitions&quot:>upcoming exhibitions in Amsterdam</a>. </p>";"Fr 6 October 2017 including Su 7 January 2018 Mo -Su: Open.";"";"2.3.14";"Rijksmuseum";"AMSTERDAM";"Museumstraat 1";"1071 XX";"52,3600070";"4,8851850";"https://www.rijksmuseum.nl/nl/nu-in-het-museum/tentoonstellingen";"https://media.ndtrc.nl/Images/70/70db984f-ce02-48b6-827d-92613cde39bf/Rijksmuseum_cc_Pedro-20Pegenaute.jpg";"https://media.ndtrc.nl/Images/70/70db984f-ce02-48b6-827d-92613cde39bf/Rijksmuseum_cc_Pedro-20Pegenaute.jpg";"06-10-2017";"07-01-2018";"";"";"2017-08-14 14:29:16";
"ecaece7a-8f77-4861-b62f-1476fd096d47";"Landscape with Tree / by Jamie Hawkesworth";"Landscape with Tree neemt de bezoeker mee in de wereld van een jonge fotograaf die in de relatief korte periode van vijf jaar is uitgegroeid tot een favoriet van de modewereld, waar de originaliteit van zijn subtiele en empathische stijl onmiddellijk werd herkend.";"<p>Hawkesworths onderscheidende werk werd onder andere gepubliceerd in&nbsp:The New York Times Style Magazine, Vogue US/ UK / Paris, W, WSJ Magazine&nbsp:en in een groot aantal andere toonaangevende media. De tentoonstelling&nbsp:Landscape with Tree<span>&nbsp:</span>voert als een reis door het leven, het werk en de geest van een jonge fotograaf wiens bijzondere sensibiliteit zich gaandeweg steeds sterker ontwikkelt. Aan het begin van Hawkesworths oeuvre staat het project&nbsp:Preston Bus Station<span>&nbsp:</span>uit 2013, dat in de kiem de aspecten bevat die verder tot bloei zullen komen in reisreportages gemaakt in Congo (2016) en Colombia (2017), en culmineren in Hawkesworths recente serie naaktportretten van ronde dames voor&nbsp:Print Magazine<span>&nbsp:</span>(2017).<strong></strong></p>";"Zo 3 december 2017 t/m wo 2 augustus 2017.";"Jamie Hawkesworth: Landscape with Tree";"British photographer Jamie Hawkesworth has won over the photography world and beyond with his blend of detailed, playful photography. Find the shutterbug's exhibition, 'Landscape with Tree' at Huis Marseille until 3 December 2017. ";"<h2>The evolution of Jamie Hawkesworth</h2> <p>Meet <strong>Jamie Hawkesworth</strong>, a young photographer who's become a favourite of the fashion world, headlining in all the biggest publications in the US and Europe. This exhibition is a journey through his artistic evolution to date, through reportage and travelogues to his recent series of nude portraits. </p> <p>Visit the <a href=&quot:https://www.huismarseille.nl/en/tentoonstelling/jamie-hawkesworth/&quot: target=&quot:_blank&quot:>Huis Marseille website</a> for more information, and be sure to check out these other <a href=&quot:http://www.iamsterdam.com/en/see-and-do/whats-on/exhibitions&quot:>upcoming exhibitions in Amsterdam</a>. </p>";"Su 3 December 2017 including We 2 August 2017.";"";"2.3.14";"Huis Marseille, Museum voor Fotografie";"AMSTERDAM";"Keizersgracht 401";"1016 EK";"52,3676370";"4,8848230";"https://www.huismarseille.nl/agenda/tentoonstellingen/";"https://media.ndtrc.nl/Images/ec/ecaece7a-8f77-4861-b62f-1476fd096d47/Untitled-II--C2-A9-Jamie-Hawkesworth-e1499351622884.jpg";"https://media.ndtrc.nl/Images/ec/ecaece7a-8f77-4861-b62f-1476fd096d47/Untitled-II--C2-A9-Jamie-Hawkesworth-e1499351622884.jpg";"";"";"";"";"2017-08-14 14:19:45";
"2c4d0bb4-ddfa-4197-9d3a-cabdac7be317";"Body Art";"Waarom passen mensen hun lichaam aan? In het Tropenmuseum ontdek je van 31 maart tot en met medio januari 2018 bij de tentoonstelling ?Body Art? alles over lichaamsversiering zoals tatoeages, piercings en make-up.";"<h2>Schoonheidsidealen en lichaamsversieringen</h2> De interactieve tentoonstelling reist door de tijd en verkent verschillende culturen over de hele wereld en hun schoonheidsidealen. Naast meer geaccepteerde lichaamsversieringen als tatoeages zijn er andere vormen van lichaamsaanpassingen te zien, van implantaten tot opzettelijk aangebrachte littekens. Ook is er hedendaags werk te zien van ORLAN, de Franse kunstenares die haar gezicht met plastische chirurgie heeft gemodelleerd naar vrouwelijke personages uit de kunstgeschiedenis: Mona Lisa, Venus en Diana.";"Vr 31 maart 2017 t/m zo 14 januari 2018 ma-zo: 10:00 - 17:00 uur.";"Body Art";"Running from 31 March to mid January 2018, the ?Body Art? exhibition at Amsterdam?s Tropenmuseum explores the history, culture and identity politics of body art while looking at why people decorate their bodies using (for example) tattoos, piercings and make-up. ";"<h2>Social functions, beauty ideals, identification</h2> Body art and body modification such as tattoos and piercings, but also scarification, branding and implants, have a long history and are present in numerous cultures. This exhibition explores the various meanings and functions of body art, the shifts in beauty ideals and the significance body modification can have in terms of social status or personal identity.";"Fr 31 March 2017 including Su 14 January 2018 Mo -Su: 10:00 - 17:00 hour.";"";"2.3.14";"Tropenmuseum";"AMSTERDAM";"Linnaeusstraat 2";"1092 CK";"52,3625740";"4,9223460";"http://www.tropenmuseum.nl";"https://media.ndtrc.nl/Images/20150106/f6af2700-a3ef-4c03-80b3-4f59f36be893.jpg,https://media.ndtrc.nl/Images/20150106/9288090e-c8f1-4e6a-891b-b3cc640e7221.jpg,https://media.ndtrc.nl/Images/20150106/88bd5372-6e00-4bc6-85c3-5481fdd00925.jpg";"https://media.ndtrc.nl/Images/20150106/f6af2700-a3ef-4c03-80b3-4f59f36be893.jpg";"31-03-2017";"14-01-2018";"";"";"2017-08-18 15:10:29";
"4246097d-f975-45b5-a546-ab55cb6a54af";"Rhythm & Roots";"Gitaren van Jimi Hendrix en Chuck Berry, het leren motorjack van Elvis en de cape van James Brown. Beleef aan de hand van iconische objecten, filmfragmenten, authentieke instrumenten en persoonlijke verhalen de oorsprong van de moderne popmuziek. Van Afrika via Amerika naar Europa en terug, van B.B. King tot Giovanca. Te zien tot en met 7 januari 2018, in Tropenmuseum in Amsterdam. ";"";"Do 1 juni 2017 t/m zo 7 januari 2018 ma-zo: geopend.";"Rhythm & Roots";"This musically-inspired exhibition at the Tropenmuseum in Amsterdam addresses a cultural revolution that spread across the world from Africa and the Caribbean, delivering genres such as jazz, blues, and reggae. ?Rhythm & Roots? is a colourful visual representation of the influence that the movement had on the world. Experience this vibrant exhibition 7 January 2018.";"<h2>Amsterdam honours the kings of rock 'n' roll, funk and soul </h2> Cherished relics such as guitars from Jimi Hendrix and Chuck Berry, Elvis' leather motorbike jacket and James Brown's cape can all be seen at <strong><em>Rhythm &amp: Roots</em></strong>. Visitors can relive key moments in history through archival film clips and hear the personal stories that have shaped pop music around the world. <br /> <br /> Look for more <a href=&quot:http://www.iamsterdam.com/en/visiting/whats-on/search-agenda#-f667KytS50+bOuL49X2fQA-------2&quot:>exhibitions in Amsterdam</a> or find <a href=&quot:http://www.iamsterdam.com/en/visiting/whats-on/music/jazz-world-and-blues-concerts&quot:>upcoming jazz, world and blues concerts</a>.";"Th 1 June 2017 including Su 7 January 2018 Mo -Su: Open.";"";"2.3.14";"Tropenmuseum";"AMSTERDAM";"Linnaeusstraat 2";"1092 CK";"52,3627770";"4,9226540";"http://www.tropenmuseum.nl";"https://media.ndtrc.nl/Images/42/4246097d-f975-45b5-a546-ab55cb6a54af/1ec0ec05-9757-45d5-b174-5772370b54bb.jpg,https://media.ndtrc.nl/Images/42/4246097d-f975-45b5-a546-ab55cb6a54af/7a36f28e-0b29-4431-b821-a00341b9ecba.jpg";"https://media.ndtrc.nl/Images/42/4246097d-f975-45b5-a546-ab55cb6a54af/1ec0ec05-9757-45d5-b174-5772370b54bb.jpg";"01-06-2017";"07-01-2018";"";"";"2017-08-18 15:33:29";
"b6ec4a97-f4c7-410d-accd-a86e5ccda1c6";"Kant";"Kant is dankzij beroemdheden als Lady Gaga, Beyoncé en Koningin Máxima weer helemaal in. Kant is een luxeproduct bij uitstek. Een bijzondere selectie uit de kantcollectie van het Rijksmuseum Amsterdam is van 24 juni 2017 t/m 28 januari 2018 te zien in de kostuumvitrine van de special collections.";"<p>Het Rijksmuseum heeft de grootste kantcollectie van Nederland. Het gaat om ruim 3.500 stukken daterend van de late zestiende tot de vroege twintigste eeuw. Een belangrijke onderdeel van de collectie zijn de stukken van koningin Wilhelmina, die een grote liefde koesterde voor kant en een prachtige collectie heeft opgebouwd.</p> <h2>Kant populair</h2> <p>Kant was vanaf het begin van de 16de eeuw, toen het ontstond, tot ver in de 20ste eeuw populair als decoratie op kleding en in het interieur. Ook hedendaagse ontwerpers gebruiken graag weer kant of kantmotieven. De kantpatronen veranderden voortdurend, maar elegantie en verfijning zijn een constante factor.<br /> <br /> Dankzij een omvangrijk registratie- en fotografieproject, gefinancierd door het Sara Geertruida Aaldersfonds, zijn alle stukken van de kantcollectie binnenkort allemaal raadpleegbaar in Rijksstudio. Deze presentatie van een selectie van topstukken in de Special Collections markeert de voltooiing van het registratieproject.</p>";"Za 24 juni 2017 t/m zo 28 januari 2018 ma-zo: geopend.";"Kant";"";"";"Sa 24 June 2017 including Su 28 January 2018 Mo -Su: Open.";"";"2.3.14";"Rijksmuseum";"AMSTERDAM";"Museumstraat 1";"1071 XX";"52,3600070";"4,8851850";"https://www.rijksmuseum.nl/nl/kant,https://www.facebook.com/rijksmuseum,https://twitter.com/rijksmuseum";"https://media.ndtrc.nl/Images/b6/b6ec4a97-f4c7-410d-accd-a86e5ccda1c6/Rijksmuseum_cc_Pedro-20Pegenaute.jpg";"https://media.ndtrc.nl/Images/b6/b6ec4a97-f4c7-410d-accd-a86e5ccda1c6/Rijksmuseum_cc_Pedro-20Pegenaute.jpg";"24-06-2017";"28-01-2018";"";"";"2017-08-18 15:46:32";
"75a9032e-96de-438e-869f-b1d9e394d120";"Tours & Tickets - Red Light Secrets";"Stap in een intrigerende wereld die voor anderen verborgen blijft en ontdek de geheimen van de beruchtste wijk van Amsterdam met Red Light Secrets, het Museum van de Prostitutie.   Kaarten met korting verkrijgbaar bij Tours & Tickets. ";"<h2>Tours &amp: Tickets - Red Light Secrets</h2> Stap in een intrigerende wereld die voor anderen verborgen blijft en ontdek de geheimen van de beruchtste wijk van Amsterdam met Red Light Secrets, het Museum van de Prostitutie. Neem een kijkje achter de schermen van het oudste beroep ter wereld en ervaar hoe het voelt om plaats te nemen achter een van de beroemde ramen. Luister naar de geheimen van de vrouwen zelf, hun bewogen dromen en verlangens. Een korte film laat je kennismaken met de andere kant van de rosse buurt (prostitutiezone) die veel verder gaat dan betaalde seks. Ervaar bij Red Light Secrets zelf hoe verrassend een museum kan zijn.<br /> <br /> <br /> <div><em>Klik op de website link voor actuele informatie m.b.t. de duur en vertrektijden van de tour.&nbsp:</em></div> <div><br /> </div>";"Do 24 maart 2016 t/m ma 31 december 2018 zo: geopend, Toelichting: deze tour duurt ongeveer 8.5 uur.";"Tours & Tickets - Red Light Secrets, Prostitution museum";"Step into an intriguing world that remains hidden to many and discover the secrets of Amsterdam's most notorious neighbourhood in Red Light Secrets, museum of Prostitution.   ";"<h2>Tours &amp: Tickets - Red Light Secrets, Prostitution museum</h2> Step into an intriguing world that remains hidden to many and discover the secrets of Amsterdam's most notorious neighbourhood in Red Light Secrets, museum of Prostitution. Take a look behind the scenes of the oldest profession in the world and experience what it feels like to take a seat behind one of the famous windows. Listen to the secrets of the women themselves, their moving dreams and desires. A short film will introduce you to the other side of the Red Light District, which is more than just the neighbourhood of paid sex. Visit the Red Light Secrets and experience for yourself how thrilling, surprising and exciting a museum can be!<br /> <br /> <div><em>Click on the website link for current information regarding the opening hours</em></div>";"Th 24 March 2016 including Mo 31 December 2018 Su: Open.";"";"2.3.14";"Red Light Secrets";"AMSTERDAM";"Oudezijds Achterburgwal 60H";"1012 DS";"52,3736880";"4,8989070";"https://www.tours-tickets.com/en/museums/red-light-secrets/";"https://media.ndtrc.nl/Images/75/75a9032e-96de-438e-869f-b1d9e394d120/05dd7585-214b-4245-ba9d-d7b645b5ee85.jpg,https://media.ndtrc.nl/Images/75/75a9032e-96de-438e-869f-b1d9e394d120/b7ffe904-0a5e-4247-b44b-349acd6316a3.jpg";"https://media.ndtrc.nl/Images/75/75a9032e-96de-438e-869f-b1d9e394d120/05dd7585-214b-4245-ba9d-d7b645b5ee85.jpg";"24-03-2016";"31-12-2018";"";"";"2017-08-18 14:51:07";
"cad07477-f4ac-4f0c-9cca-096616df6cd0";"Ik ben een geboren buitenlander";"De tentoonstelling 'Ik ben een geboren buitenlander' in het Stedelijk Museum Amsterdam laat uiteenlopende aspecten van migratie en diverse hoofdstukken zien uit de geschiedenis van de migratie. De tentoonstelling omvat uit de collectie van het Stedelijk Museum, documentaire beelden van migranten en ontheemden, maar ook fotografisch werk dat juist vraagtekens plaatst bij de beeldvorming van vluchtelingen. Te zien van 23 september 2017 t/m 4 juni 2018.";"<p>Migratie is van alle tijden en het overgrote deel van de Nederlanders heeft buitenlandse voorouders. Door migratie veranderen identiteiten en taal, maar ook het denken over begrippen als land en &ldquo:thuis&rdquo:. Naast sociale, politieke en economische consequenties heeft migratie ook effect op de artistieke praktijk. Uiteenlopende aspecten van migratie zijn te vinden in de collectie van het Stedelijk Museum.&nbsp:</p> <p>Zo omvat deze tentoonstelling naast werk van bovengenoemde kunstenaars werk van onder meer Marlene Dumas (Zuid-Afrika), Rineke Dijkstra (Nederland), Miguel-Angel Cardenas (Colombia), Otobong Nkanga (Nigeria) en Ulisses Carri&oacute:n (Mexico), wiens uitspraak &ldquo:Ik ben een geboren buitenlander&rdquo: geleend is als titel van de expositie.</p>";"Za 23 september 2017 t/m zo 3 juni 2018 ma-zo: geopend.";"Ik ben een geboren buitenlander";"";"";"Sa 23 September 2017 including Su 3 June 2018 Mo -Su: Open.";"";"2.3.14";"Stedelijk Museum";"AMSTERDAM";"Museumplein 10";"1071 DJ";"52,3580110";"4,8797550";"http://www.stedelijk.nl/tentoonstellingen/ik-ben-een-geboren-buitenlander,https://www.facebook.com/Stedelijk,https://twitter.com/stedelijk";"https://media.ndtrc.nl/Images/ca/cad07477-f4ac-4f0c-9cca-096616df6cd0/Stedelijk-20Museum_cc_Gert-20Jan-20van-20Rooij.jpg";"https://media.ndtrc.nl/Images/ca/cad07477-f4ac-4f0c-9cca-096616df6cd0/Stedelijk-20Museum_cc_Gert-20Jan-20van-20Rooij.jpg";"23-09-2017";"03-06-2018";"";"";"2017-08-21 11:19:58";
"74ba8d61-f791-431d-92a8-0e445420c56d";"Carlos Motta";"De Colombiaanse kunstenaar Carlos Motta (1978) verwerkt in zijn multidisciplinaire installaties politieke contexten. Te zien van 16 september tot en met 7 januari 2018, in het Stedelijk Museum in Amsterdam.";"<h2>The Crossing</h2> <br /> Carlos Motta onderzoekt het vluchtelingenvraagstuk met zijn video-installatie The Crossing, dat hij speciaal voor het Stedelijk Museum maakt. In dit werk heeft Motta tien videoportretten gemaakt van LGBTQI moslim vluchtelingen uit Syri&euml:, Iraq, Iran, Egypte, Libanon en Pakistan uit Nederlandse opvangcentra en hen ge&iuml:nterviewd over de redenen waarom zij hun vaderland hebben verlaten.";"Za 16 september 2017 t/m zo 7 januari 2018 ma-zo: geopend.";"Carlos Motta ? The Crossing";"Carlos Motta?s ?The Crossing? exhibition features video portraits of 11 LGBTQI refugees who talk about their exodus from their oppressive homelands, and journey to the Netherlands. It will run at the Stedelijk Museum, from 16 September 2017 until 7 January 2018. ";"<h2>Personal and emotional accounts of LGBTQI discrimination</h2> <p>The subjects faced overt discrimination in Egypt, Iran, Iraq, Morocco, Syria and Pakistan, but also intimidation and exclusion during their asylum-seeking processes in Dutch refugee camps. The refugees were selected with the help of Amsterdam-based organisation Secret Garden, an organisation that campaigns for LGBTQI rights and supports asylum applications. The accounts are raw, and describe experiences of humiliation and bullying, and a desperate need to escape. &lsquo:The Crossing&rsquo: also features a small selection of historic objects from the Rijksmuseum, Tropenmuseum and Amsterdam Museum. </p> <p>Find more <a href=&quot:http://www.iamsterdam.com/en/see-and-do/whats-on/search-agenda#-f667KytS50+bOuL49X2fQA-------2&quot:>exhibition in Amsterdam here</a>. </p> <h2></h2>";"Sa 16 September 2017 including Su 7 January 2018 Mo -Su: Open.";"";"2.3.14";"Stedelijk Museum";"AMSTERDAM";"Museumplein 10";"1071 DJ";"52,3564290";"4,8798010";"http://www.stedelijk.nl/";"https://media.ndtrc.nl/Images/74/74ba8d61-f791-431d-92a8-0e445420c56d/40325cf8-ffb5-444e-bc99-ea7f7f770d1d.jpg,https://media.ndtrc.nl/Images/74/74ba8d61-f791-431d-92a8-0e445420c56d/5b2f7aff-0dd5-41de-abf9-9cd5f198327e.jpg";"https://media.ndtrc.nl/Images/74/74ba8d61-f791-431d-92a8-0e445420c56d/40325cf8-ffb5-444e-bc99-ea7f7f770d1d.jpg";"16-09-2017";"07-01-2018";"";"";"2017-08-22 14:24:32";
"06e2f70a-0da5-439b-8ec3-19a728c44dd4";"Accessories are a girl's best friend";"Vanaf 16 september is de nieuwe tentoonstelling ?Accessories are a Girl?s Best Friend? te zien in Tassenmuseum Hendrikje. De tentoonstelling loopt tot en met 28 januari 2018.";"<p>In de nieuwe tentoonstelling belicht het Tassenmuseum de absolute hoogtepunten van de bijzondere accessoirecollectie van het Rijksmuseum: onder andere parasols, paraplu&rsquo:s, hoeden, haaraccessoires, shawls, handschoenen, waaiers, schoenen en kousen.&nbsp:Deze (tot nu toe!) verborgen modeschatten liggen normaliter opgeborgen in het depot van het Rijksmuseum, maar zijn van 16 september 2017 tot en met 28 januari 2018 te zien in Tassenmuseum Hendrikje. Naast de bijzondere accessoires van het Rijksmuseum selecteerde het Tassenmuseum diverse opmerkelijke tassen uit eigen collectie.<strong></strong></p>";"Za 16 september 2017 t/m zo 28 januari 2018 ma-zo: geopend.";"Accessories are a girl's best friend";"";"";"Sa 16 September 2017 including Su 28 January 2018 Mo -Su: Open.";"";"2.3.14";"Tassenmuseum Hendrikje";"AMSTERDAM";"Herengracht 573";"1017 CD";"52,3652690";"4,8968230";"http://tassenmuseum.nl/archief-tentoonstellingen/accessories-are-a-girls-best-friend/";"https://media.ndtrc.nl/Images/06/06e2f70a-0da5-439b-8ec3-19a728c44dd4/Avondtas-Chanel-plastic-to-imitate-ivory-France-1930s-896x1024.jpg";"https://media.ndtrc.nl/Images/06/06e2f70a-0da5-439b-8ec3-19a728c44dd4/Avondtas-Chanel-plastic-to-imitate-ivory-France-1930s-896x1024.jpg";"16-09-2017";"28-01-2018";"";"";"2017-08-22 13:52:43";
"2c96377a-2ac6-45b7-b511-32b5dcaab446";"De Dageraad";"De Dageraad is een van de hoogtepunten van de kunst- en architectuurstroming De Amsterdamse School.  Het bezoekerscentrum De Dageraad is onderdeel van het Amsterdamse School Museum Het Schip.";"Achter de golvende gevel van een voormalige winkelruimte in het beroemde volkswoningbouwcomplex De Dageraad, van de architecten Michel de Klerk en Piet Kramer, vindt u informatie over De Amsterdamse School in Plan Zuid van Berlage. <br /> In Plan Zuid is de Amsterdamse school ruim vertegenwoordigd. De expressionistische gevels en mooie ornamenten zijn door de hele buurt herkenbaar. Een wandeling langs de pleintjes en ruime straten geeft een prachtig beeld van deze bijzondere periode. Het bezoekerscentrum is tevens het startpunt/eindpunt van vele themarondleidingen. Een bezoek aan de expositie in het Bezoekerscentrum is gratis.";"Zo 1 januari 2017 t/m di 1 januari 2030 do-zo: 11:00 - 17:00 uur.";"De Dageraad";"";"";"Su 1 January 2017 including Tu 1 January 2030 Th -Su: 11:00 - 17:00 hour.";"";"2.3.14";"De Dageraad";"AMSTERDAM";"Burg Tellegenstraat";"1073 KG";"52,3501050";"4,8995780";"https://hetschip.nl/dageraad/932-bezoekerscentrum-de-dageraad-5";"https://media.ndtrc.nl/Images/2c/2c96377a-2ac6-45b7-b511-32b5dcaab446/d4ea2d1c-26f3-493b-82a5-534cb6893238.jpg,https://media.ndtrc.nl/Images/2c/2c96377a-2ac6-45b7-b511-32b5dcaab446/fee2c714-0cd8-401f-b9c1-ac79087cbbbd.jpg,https://media.ndtrc.nl/Images/2c/2c96377a-2ac6-45b7-b511-32b5dcaab446/d4621e87-cae3-4b09-84f4-bbb15ce6d9ad.jpg,https://media.ndtrc.nl/Images/2c/2c96377a-2ac6-45b7-b511-32b5dcaab446/b9840988-89cb-49c0-af18-154d4c6e8bed.jpg,https://media.ndtrc.nl/Images/2c/2c96377a-2ac6-45b7-b511-32b5dcaab446/a3798619-8657-493b-9da4-f12851f19301.jpg";"https://media.ndtrc.nl/Images/2c/2c96377a-2ac6-45b7-b511-32b5dcaab446/d4ea2d1c-26f3-493b-82a5-534cb6893238.jpg";"01-01-2017";"01-01-2030";"";"";"2017-08-25 15:43:35";
